,Team,Season,cover,no_cover,push,W,QB_Player,QB_Yds,RB_Player,RB_Yds,WR_Player,WR_Yds,Sack_Player,Sk,Int_Player,Int
0,ARI,2005,9,7,0,5,Kurt Warner,2713.0,Marcel Shipp,451.0,Larry Fitzgerald,1409.0,Adrian Wilson,8.0,Karlos Dansby,3.0
1,ARI,2006,9,7,0,5,Matt Leinart,2547.0,Edgerrin James,1159.0,Anquan Boldin,1203.0,Chike Okeafor,8.5,Adrian Wilson,4.0
2,ARI,2007,5,11,0,8,Kurt Warner,3417.0,Edgerrin James,1222.0,Larry Fitzgerald,1409.0,Darnell Dockett,9.0,Roderick Hood,5.0
3,ARI,2008,10,10,0,9,Kurt Warner,4583.0,Edgerrin James,514.0,Larry Fitzgerald,1431.0,Bertrand Berry,5.0,Dominique Rodgers-Cromartie,4.0
4,ARI,2009,8,10,0,10,Kurt Warner,3753.0,Beanie Wells,793.0,Larry Fitzgerald,1092.0,Darnell Dockett,7.0,Dominique Rodgers-Cromartie,6.0
5,ARI,2010,5,10,1,5,Derek Anderson,2065.0,Tim Hightower,736.0,Larry Fitzgerald,1137.0,Calais Campbell,6.0,Kerry Rhodes,4.0
6,ARI,2011,7,8,1,8,Kevin Kolb,1955.0,Beanie Wells,1047.0,Larry Fitzgerald,1411.0,Calais Campbell,8.0,Richard Marshall,3.0
7,ARI,2012,5,11,0,5,Kevin Kolb,1169.0,LaRod Stephens-Howling,356.0,Larry Fitzgerald,798.0,Daryl Washington,9.0,Patrick Peterson,7.0
8,ARI,2013,6,9,1,10,Carson Palmer,4274.0,Rashard Mendenhall,687.0,Michael Floyd,1041.0,John Abraham,11.5,Karlos Dansby,4.0
9,ARI,2014,8,9,0,11,Drew Stanton,1711.0,Andre Ellington,660.0,Michael Floyd,841.0,Alex Okafor,8.0,Rashad Johnson,4.0
10,ARI,2015,10,8,0,13,Carson Palmer,4671.0,Chris Johnson,814.0,Larry Fitzgerald,1215.0,Dwight Freeney,8.0,Rashad Johnson,5.0
11,ARI,2016,9,7,0,7,Carson Palmer,4233.0,David Johnson,1239.0,Larry Fitzgerald,1023.0,Markus Golden,12.5,Marcus Cooper,4.0
12,ARI,2017,8,8,0,8,Carson Palmer,1978.0,Adrian Peterson,448.0,Larry Fitzgerald,1156.0,Chandler Jones,17.0,Antoine Bethea,5.0
13,ARI,2018,8,8,0,3,Josh Rosen,2278.0,David Johnson,940.0,Larry Fitzgerald,734.0,Chandler Jones,13.0,Tre Boston,3.0
14,ARI,2019,8,7,1,5,Kyler Murray,3722.0,Kenyan Drake,643.0,Larry Fitzgerald,804.0,Chandler Jones,19.0,Jordan Hicks,3.0
15,ARI,2020,9,7,0,8,Kyler Murray,3971.0,Kenyan Drake,955.0,DeAndre Hopkins,1407.0,Haason Reddick,12.5,Patrick Peterson,3.0
16,ARI,2021,10,8,0,11,Kyler Murray,3787.0,James Conner,752.0,Christian Kirk,982.0,Markus Golden,11.0,Byron Murphy,4.0
17,ARI,2022,11,6,0,4,Kyler Murray,2368.0,James Conner,782.0,DeAndre Hopkins,717.0,J.J. Watt,12.5,Marco Wilson,3.0
18,ARI,2023,8,8,1,4,Kyler Murray,1799.0,James Conner,1040.0,Trey McBride,825.0,Dennis Gardeck,6.0,Jalen Thompson,4.0
19,ARI,2024,7,10,0,8,Kyler Murray,3851.0,James Conner,1094.0,Trey McBride,1146.0,Zaven Collins,5.0,Sean Murphy-Bunting,3.0
20,ATL,2005,7,9,0,8,Michael Vick,2412.0,Warrick Dunn,1416.0,Alge Crumpler,877.0,Roderick Coleman,10.5,DeAngelo Hall,6.0
21,ATL,2006,6,9,1,7,Michael Vick,2474.0,Warrick Dunn,1140.0,Alge Crumpler,780.0,Roderick Coleman,6.0,DeAngelo Hall,4.0
22,ATL,2007,8,8,0,4,Joey Harrington,2215.0,Warrick Dunn,720.0,Roddy White,1202.0,John Abraham,10.0,DeAngelo Hall,5.0
23,ATL,2008,8,9,0,11,Matt Ryan,3440.0,Michael Turner,1699.0,Roddy White,1382.0,John Abraham,16.5,Erik Coleman,3.0
24,ATL,2009,10,6,0,9,Matt Ryan,2916.0,Michael Turner,871.0,Roddy White,1153.0,Jonathan Babineaux,6.0,Brent Grimes,6.0
25,ATL,2010,8,8,1,13,Matt Ryan,3705.0,Michael Turner,1371.0,Roddy White,1389.0,John Abraham,13.0,Brent Grimes,5.0
26,ATL,2011,9,8,0,10,Matt Ryan,4177.0,Michael Turner,1340.0,Roddy White,1296.0,John Abraham,9.5,Thomas DeCoud,4.0
27,ATL,2012,11,7,0,13,Matt Ryan,4719.0,Michael Turner,800.0,Roddy White,1351.0,John Abraham,10.0,Thomas DeCoud,6.0
28,ATL,2013,7,9,0,4,Matt Ryan,4515.0,Steven Jackson,543.0,Harry Douglas,1067.0,Osi Umenyiora,7.5,William Moore,3.0
29,ATL,2014,6,9,1,6,Matt Ryan,4694.0,Steven Jackson,707.0,Julio Jones,1593.0,Kroy Biermann,4.5,Kemal Ishmael,4.0
30,ATL,2015,10,5,1,8,Matt Ryan,4591.0,Devonta Freeman,1056.0,Julio Jones,1871.0,Vic Beasley,4.0,Ricardo Allen,3.0
31,ATL,2016,11,8,0,11,Matt Ryan,4944.0,Devonta Freeman,1079.0,Julio Jones,1409.0,Vic Beasley,15.5,Deion Jones,3.0
32,ATL,2017,10,7,1,10,Matt Ryan,4095.0,Devonta Freeman,865.0,Julio Jones,1444.0,Adrian Clayborn,9.5,Deion Jones,3.0
33,ATL,2018,7,9,0,7,Matt Ryan,4924.0,Tevin Coleman,800.0,Julio Jones,1677.0,Takkarist McKinley,7.0,Damontae Kazee,7.0
34,ATL,2019,8,8,0,7,Matt Ryan,4466.0,Devonta Freeman,656.0,Julio Jones,1394.0,Vic Beasley,8.0,Desmond Trufant,4.0
35,ATL,2020,7,9,0,4,Matt Ryan,4581.0,Todd Gurley,678.0,Calvin Ridley,1374.0,Deion Jones,4.5,Blidi Wreh-Wilson,3.0
36,ATL,2021,8,9,0,7,Matt Ryan,3968.0,Cordarrelle Patterson,618.0,Kyle Pitts,1026.0,Dante Fowler,4.5,Foyesade Oluokun,3.0
37,ATL,2022,9,8,0,7,Marcus Mariota,2219.0,Tyler Allgeier,1035.0,Drake London,866.0,Grady Jarrett,6.0,Richie Grant,2.0
38,ATL,2023,6,9,2,7,Desmond Ridder,2836.0,Bijan Robinson,976.0,Drake London,905.0,Calais Campbell,6.5,Jessie Bates III,6.0
39,ATL,2024,7,10,0,8,Kirk Cousins,3508.0,Bijan Robinson,1456.0,Drake London,1271.0,Arnold Ebiketie,6.0,Jessie Bates III,4.0
40,BAL,2005,10,6,0,6,Kyle Boller,1799.0,Jamal Lewis,906.0,Derrick Mason,1073.0,Adalius Thomas,9.0,Terrell Suggs,2.0
41,BAL,2006,11,6,0,13,Steve McNair,3050.0,Jamal Lewis,1132.0,Mark Clayton,939.0,Trevor Pryce,13.0,Chris McAlister,6.0
42,BAL,2007,10,6,0,5,Kyle Boller,1743.0,Willis McGahee,1207.0,Derrick Mason,1087.0,Terrell Suggs,5.0,Ed Reed,7.0
43,BAL,2008,10,8,1,11,Joe Flacco,2971.0,Willis McGahee,671.0,Derrick Mason,1037.0,Terrell Suggs,8.0,Ed Reed,9.0
44,BAL,2009,10,8,0,9,Joe Flacco,3613.0,Ray Rice,1339.0,Derrick Mason,1028.0,Trevor Pryce,6.5,Domonique Foxworth,4.0
45,BAL,2010,9,7,2,12,Joe Flacco,3622.0,Ray Rice,1220.0,Anquan Boldin,837.0,Terrell Suggs,11.0,Ed Reed,8.0
46,BAL,2011,11,7,0,12,Joe Flacco,3610.0,Ray Rice,1364.0,Anquan Boldin,887.0,Terrell Suggs,14.0,Lardarius Webb,5.0
47,BAL,2012,10,10,0,10,Joe Flacco,3817.0,Ray Rice,1143.0,Anquan Boldin,921.0,Paul Kruger,9.0,Ed Reed,4.0
48,BAL,2013,8,8,0,8,Joe Flacco,3912.0,Ray Rice,660.0,Torrey Smith,1128.0,Terrell Suggs,10.0,Corey Graham,4.0
49,BAL,2014,12,6,0,10,Joe Flacco,3986.0,Justin Forsett,1266.0,Steve Smith Sr.,1065.0,Elvis Dumervil,17.0,C.J. Mosley,2.0
50,BAL,2015,8,7,1,5,Joe Flacco,2791.0,Justin Forsett,641.0,Kamar Aiken,944.0,Elvis Dumervil,6.0,Jimmy Smith,3.0
51,BAL,2016,7,9,0,8,Joe Flacco,4317.0,Terrance West,774.0,Mike Wallace,1017.0,Terrell Suggs,8.0,Eric Weddle,4.0
52,BAL,2017,10,6,0,9,Joe Flacco,3141.0,Alex Collins,973.0,Mike Wallace,748.0,Terrell Suggs,11.0,Eric Weddle,6.0
53,BAL,2018,11,5,1,10,Joe Flacco,2465.0,Gus Edwards,718.0,John Brown,715.0,Za'Darius Smith,8.5,Brandon Carr,2.0
54,BAL,2019,6,11,0,14,Lamar Jackson,3127.0,Mark Ingram,1018.0,Mark Andrews,852.0,Matt Judon,9.5,Marlon Humphrey,3.0
55,BAL,2020,5,11,2,11,Lamar Jackson,2757.0,J.K. Dobbins,805.0,Marquise Brown,769.0,Matt Judon,6.0,Marcus Peters,4.0
56,BAL,2021,10,6,1,8,Lamar Jackson,2882.0,Devonta Freeman,576.0,Mark Andrews,1361.0,Tyus Bowser,7.0,Anthony Averett,3.0
57,BAL,2022,7,10,1,10,Lamar Jackson,2242.0,J.K. Dobbins,520.0,Mark Andrews,847.0,Justin Houston,9.5,Marcus Williams,4.0
58,BAL,2023,14,4,1,13,Lamar Jackson,3678.0,Gus Edwards,810.0,Zay Flowers,858.0,Nnamdi Madubuike,13.0,Geno Stone,7.0
59,BAL,2024,9,10,0,12,Lamar Jackson,4172.0,Derrick Henry,1921.0,Zay Flowers,1059.0,Kyle Van Noy,12.5,Marlon Humphrey,6.0
60,BUF,2005,10,6,0,5,Kelly Holcomb,1509.0,Willis McGahee,1247.0,Eric Moulds,816.0,Aaron Schobel,12.0,Troy Vincent,4.0
61,BUF,2006,10,5,1,7,J.P. Losman,3051.0,Willis McGahee,990.0,Lee Evans,1292.0,Aaron Schobel,14.0,London Fletcher,4.0
62,BUF,2007,6,9,1,7,Trent Edwards,1630.0,Marshawn Lynch,1115.0,Lee Evans,849.0,Aaron Schobel,6.5,Terrence McGee,4.0
63,BUF,2008,6,9,1,7,Trent Edwards,2699.0,Marshawn Lynch,1036.0,Lee Evans,1017.0,Kawika Mitchell,4.0,Terrence McGee,3.0
64,BUF,2009,8,8,0,6,Ryan Fitzpatrick,1422.0,Fred Jackson,1062.0,Terrell Owens,829.0,Aaron Schobel,10.0,Jairus Byrd,9.0
65,BUF,2010,7,9,0,4,Ryan Fitzpatrick,3000.0,Fred Jackson,927.0,Stevie Johnson,1073.0,Kyle Williams,5.5,Drayton Florence,3.0
66,BUF,2011,5,10,1,6,Ryan Fitzpatrick,3832.0,Fred Jackson,934.0,Stevie Johnson,1004.0,Marcell Dareus,5.5,George Wilson,4.0
67,BUF,2012,7,8,1,6,Ryan Fitzpatrick,3400.0,C.J. Spiller,1244.0,Stevie Johnson,1046.0,Mario Williams,10.5,Jairus Byrd,5.0
68,BUF,2013,6,10,0,6,EJ Manuel,1972.0,C.J. Spiller,933.0,Scott Chandler,655.0,Mario Williams,13.0,Kiko Alonso,4.0
69,BUF,2014,6,10,0,9,Kyle Orton,3018.0,Fred Jackson,525.0,Sammy Watkins,982.0,Mario Williams,14.5,Leodis McKelvin,4.0
70,BUF,2015,7,9,0,8,Tyrod Taylor,3035.0,LeSean McCoy,895.0,Sammy Watkins,1047.0,Jerry Hughes,5.0,Stephon Gilmore,3.0
71,BUF,2016,12,4,0,7,Tyrod Taylor,3023.0,LeSean McCoy,1267.0,Robert Woods,613.0,Lorenzo Alexander,12.5,Stephon Gilmore,5.0
72,BUF,2017,8,9,0,9,Tyrod Taylor,2799.0,LeSean McCoy,1138.0,Charles Clay,558.0,Jerry Hughes,4.0,Micah Hyde,5.0
73,BUF,2018,9,6,1,6,Josh Allen,2074.0,LeSean McCoy,514.0,Zay Jones,652.0,Jerry Hughes,7.0,Jordan Poyer,4.0
74,BUF,2019,10,7,0,10,Josh Allen,3089.0,Devin Singletary,775.0,John Brown,1060.0,Jordan Phillips,9.5,Tre'Davious White,6.0
75,BUF,2020,10,9,0,13,Josh Allen,4544.0,Devin Singletary,687.0,Stefon Diggs,1535.0,A.J. Klein,5.0,Tre'Davious White,3.0
76,BUF,2021,9,10,0,11,Josh Allen,4407.0,Devin Singletary,870.0,Stefon Diggs,1225.0,Mario Addison,7.0,Micah Hyde,5.0
77,BUF,2022,9,9,0,13,Josh Allen,4283.0,Devin Singletary,819.0,Stefon Diggs,1429.0,Gregory Rousseau,8.0,Jordan Poyer,4.0
78,BUF,2023,11,7,1,11,Josh Allen,4306.0,James Cook,1122.0,Stefon Diggs,1183.0,Leonard Floyd,10.5,Rasul Douglas,4.0
79,BUF,2024,12,8,0,13,Josh Allen,3731.0,James Cook,1009.0,Khalil Shakir,821.0,Gregory Rousseau,8.0,Ja'Marcus Ingram,2.0
80,CAR,2005,9,10,0,11,Jake Delhomme,3421.0,DeShaun Foster,879.0,Steve Smith Sr.,1563.0,Julius Peppers,10.5,Chris Gamble,7.0
81,CAR,2006,7,8,1,8,Jake Delhomme,2805.0,DeShaun Foster,897.0,Steve Smith Sr.,1166.0,Julius Peppers,13.0,Richard Marshall,3.0
82,CAR,2007,6,10,0,7,Vinny Testaverde,952.0,DeShaun Foster,876.0,Steve Smith Sr.,1002.0,Na'il Diggs,3.5,Deke Cooper,3.0
83,CAR,2008,9,8,0,12,Jake Delhomme,3288.0,DeAngelo Williams,1515.0,Steve Smith Sr.,1421.0,Julius Peppers,14.5,Jon Beason,3.0
84,CAR,2009,6,10,0,8,Jake Delhomme,2015.0,Jonathan Stewart,1133.0,Steve Smith Sr.,982.0,Julius Peppers,10.5,Chris Gamble,4.0
85,CAR,2010,6,10,0,2,Jimmy Clausen,1558.0,Jonathan Stewart,770.0,Steve Smith Sr.,554.0,Charles Johnson,11.5,Charles Godfrey,5.0
86,CAR,2011,7,8,1,6,Cam Newton,4051.0,DeAngelo Williams,836.0,Steve Smith Sr.,1394.0,Charles Johnson,9.0,Sherrod Martin,3.0
87,CAR,2012,6,9,1,7,Cam Newton,3869.0,DeAngelo Williams,737.0,Steve Smith Sr.,1174.0,Charles Johnson,12.5,Luke Kuechly,2.0
88,CAR,2013,10,7,0,12,Cam Newton,3379.0,DeAngelo Williams,843.0,Greg Olsen,816.0,Greg Hardy,15.0,Luke Kuechly,4.0
89,CAR,2014,11,7,0,7,Cam Newton,3127.0,Jonathan Stewart,809.0,Greg Olsen,1008.0,Charles Johnson,8.5,Roman Harper,4.0
90,CAR,2015,10,8,1,15,Cam Newton,3837.0,Jonathan Stewart,989.0,Greg Olsen,1104.0,Kawann Short,11.0,Kurt Coleman,7.0
91,CAR,2016,8,7,1,6,Cam Newton,3509.0,Jonathan Stewart,824.0,Greg Olsen,1073.0,Mario Addison,9.5,Kurt Coleman,4.0
92,CAR,2017,7,9,1,11,Cam Newton,3302.0,Jonathan Stewart,680.0,Devin Funchess,840.0,Mario Addison,11.0,Luke Kuechly,3.0
93,CAR,2018,10,5,1,7,Cam Newton,3395.0,Christian McCaffrey,1098.0,Christian McCaffrey,867.0,Mario Addison,9.0,Donte Jackson,4.0
94,CAR,2019,9,7,0,5,Kyle Allen,3322.0,Christian McCaffrey,1387.0,D.J. Moore,1175.0,Mario Addison,9.5,Tre Boston,3.0
95,CAR,2020,4,12,0,5,Teddy Bridgewater,3733.0,Mike Davis,642.0,D.J. Moore,1193.0,Brian Burns,9.0,Donte Jackson,3.0
96,CAR,2021,8,9,0,5,Sam Darnold,2527.0,Chuba Hubbard,612.0,D.J. Moore,1157.0,Haason Reddick,11.0,Shaq Thompson,2.0
97,CAR,2022,3,14,0,7,Baker Mayfield,1313.0,D'Onta Foreman,914.0,D.J. Moore,888.0,Brian Burns,12.5,Jaycee Horn,3.0
98,CAR,2023,8,9,0,2,Bryce Young,2877.0,Chuba Hubbard,902.0,Adam Thielen,1014.0,Brian Burns,8.0,Xavier Woods,2.0
99,CAR,2024,7,10,0,5,Bryce Young,2403.0,Chuba Hubbard,1195.0,Adam Thielen,615.0,A'Shawn Robinson,5.5,Xavier Woods,3.0
100,CHI,2005,7,9,1,11,Kyle Orton,1869.0,Thomas Jones,1335.0,Muhsin Muhammad,750.0,Adewale Ogunleye,10.0,Nathan Vasher,8.0
101,CHI,2006,9,10,0,13,Rex Grossman,3193.0,Thomas Jones,1210.0,Muhsin Muhammad,863.0,Mark Anderson,12.0,Ricky Manning,5.0
102,CHI,2007,9,7,0,7,Brian Griese,1803.0,Cedric Benson,674.0,Bernard Berrian,951.0,Adewale Ogunleye,9.0,Brian Urlacher,5.0
103,CHI,2008,7,8,1,9,Kyle Orton,2972.0,Matt Forte,1238.0,Devin Hester,665.0,Alex Brown,6.0,Kevin Payne,4.0
104,CHI,2009,7,8,1,7,Jay Cutler,3666.0,Matt Forte,929.0,Devin Hester,757.0,Adewale Ogunleye,6.5,Zackary Bowman,6.0
105,CHI,2010,8,7,3,11,Jay Cutler,3274.0,Matt Forte,1069.0,Johnny Knox,960.0,Julius Peppers,8.0,Chris Harris,5.0
106,CHI,2011,8,8,0,8,Jay Cutler,2319.0,Matt Forte,997.0,Johnny Knox,727.0,Julius Peppers,11.0,D.J. Moore,4.0
107,CHI,2012,8,8,0,10,Jay Cutler,3033.0,Matt Forte,1094.0,Brandon Marshall,1508.0,Julius Peppers,11.5,Tim Jennings,9.0
108,CHI,2013,11,5,0,8,Jay Cutler,2621.0,Matt Forte,1339.0,Alshon Jeffery,1421.0,Julius Peppers,7.0,Tim Jennings,4.0
109,CHI,2014,10,6,0,5,Jay Cutler,3812.0,Matt Forte,1038.0,Alshon Jeffery,1133.0,Willie Young,10.0,Ryan Mundy,4.0
110,CHI,2015,9,7,0,6,Jay Cutler,3659.0,Matt Forte,898.0,Alshon Jeffery,807.0,Lamarr Houston,8.0,Kyle Fuller,2.0
111,CHI,2016,5,10,1,3,Matt Barkley,1611.0,Jordan Howard,1313.0,Cameron Meredith,888.0,Willie Young,7.5,Tracy Porter,2.0
112,CHI,2017,7,9,0,5,Mitchell Trubisky,2193.0,Jordan Howard,1122.0,Kendall Wright,614.0,Akiem Hicks,8.5,Kyle Fuller,2.0
113,CHI,2018,9,8,0,12,Mitchell Trubisky,3223.0,Jordan Howard,935.0,Allen Robinson,754.0,Khalil Mack,12.5,Kyle Fuller,7.0
114,CHI,2019,5,11,0,8,Mitchell Trubisky,3138.0,David Montgomery,889.0,Allen Robinson,1147.0,Khalil Mack,8.5,Kyle Fuller,3.0
115,CHI,2020,10,7,0,8,Mitchell Trubisky,2055.0,David Montgomery,1070.0,Allen Robinson,1250.0,Khalil Mack,9.0,Tashaun Gipson,2.0
116,CHI,2021,8,9,0,6,Justin Fields,1870.0,David Montgomery,849.0,Darnell Mooney,1055.0,Robert Quinn,18.5,Deon Bush,2.0
117,CHI,2022,9,8,0,3,Justin Fields,2242.0,David Montgomery,801.0,Cole Kmet,544.0,Jaquan Brisker,4.0,Eddie Jackson,4.0
118,CHI,2023,6,11,0,7,Justin Fields,2562.0,Khalil Herbert,611.0,D.J. Moore,1364.0,Montez Sweat,6.0,Tyrique Stevenson,4.0
119,CHI,2024,7,10,0,5,Caleb Williams,3541.0,D'Andre Swift,959.0,D.J. Moore,966.0,Montez Sweat,5.5,Jaylon Johnson,2.0
120,CIN,2005,9,8,0,11,Carson Palmer,3836.0,Rudi Johnson,1458.0,Chad Johnson,1432.0,Justin Smith,6.0,Deltha O'Neal,10.0
121,CIN,2006,8,7,1,8,Carson Palmer,4035.0,Rudi Johnson,1309.0,Chad Johnson,1369.0,Robert Geathers,10.5,Kevin Kaesviharn,6.0
122,CIN,2007,8,8,0,7,Carson Palmer,4131.0,Rudi Johnson,497.0,Chad Johnson,1440.0,Robert Geathers,3.5,Leon Hall,5.0
123,CIN,2008,7,9,0,4,Ryan Fitzpatrick,1905.0,Cedric Benson,747.0,T.J. Houshmandzadeh,904.0,John Thornton,3.0,Leon Hall,3.0
124,CIN,2009,4,12,1,10,Carson Palmer,3094.0,Cedric Benson,1251.0,Chad Johnson,1047.0,Antwan Odom,8.0,Leon Hall,6.0
125,CIN,2010,4,12,0,4,Carson Palmer,3970.0,Cedric Benson,1111.0,Terrell Owens,983.0,Carlos Dunlap,9.5,Leon Hall,4.0
126,CIN,2011,8,8,1,9,Andy Dalton,3398.0,Cedric Benson,1067.0,A.J. Green,1057.0,Geno Atkins,7.5,Reggie Nelson,4.0
127,CIN,2012,7,10,0,10,Andy Dalton,3669.0,BenJarvus Green-Ellis,1094.0,A.J. Green,1350.0,Geno Atkins,12.5,Reggie Nelson,3.0
128,CIN,2013,9,8,0,11,Andy Dalton,4293.0,BenJarvus Green-Ellis,756.0,A.J. Green,1426.0,Carlos Dunlap,7.5,Adam Jones,3.0
129,CIN,2014,9,8,0,10,Andy Dalton,3398.0,Jeremy Hill,1124.0,A.J. Green,1041.0,Carlos Dunlap,8.0,Reggie Nelson,4.0
130,CIN,2015,9,8,0,12,Andy Dalton,3250.0,Jeremy Hill,794.0,A.J. Green,1297.0,Carlos Dunlap,13.5,Reggie Nelson,8.0
131,CIN,2016,7,9,0,6,Andy Dalton,4206.0,Jeremy Hill,839.0,A.J. Green,964.0,Geno Atkins,9.0,George Iloka,3.0
132,CIN,2017,6,10,0,7,Andy Dalton,3320.0,Joe Mixon,626.0,A.J. Green,1078.0,Geno Atkins,9.0,Darqueze Dennard,2.0
133,CIN,2018,7,9,0,6,Andy Dalton,2566.0,Joe Mixon,1168.0,Tyler Boyd,1028.0,Geno Atkins,10.0,Shawn Williams,5.0
134,CIN,2019,5,10,1,2,Andy Dalton,3494.0,Joe Mixon,1137.0,Tyler Boyd,1046.0,Carlos Dunlap,9.0,Darius Phillips,4.0
135,CIN,2020,8,8,0,4,Joe Burrow,2688.0,Joe Mixon,428.0,Tee Higgins,908.0,Carl Lawson,5.5,Jessie Bates III,3.0
136,CIN,2021,11,9,1,10,Joe Burrow,4611.0,Joe Mixon,1205.0,Ja'Marr Chase,1455.0,Trey Hendrickson,14.0,Logan Wilson,4.0
137,CIN,2022,9,10,0,12,Joe Burrow,4475.0,Joe Mixon,814.0,Ja'Marr Chase,1046.0,Trey Hendrickson,8.0,Jessie Bates III,4.0
138,CIN,2023,12,4,1,9,Joe Burrow,2309.0,Joe Mixon,1034.0,Ja'Marr Chase,1216.0,Trey Hendrickson,17.5,Logan Wilson,4.0
139,CIN,2024,6,11,0,9,Joe Burrow,4918.0,Chase Brown,990.0,Ja'Marr Chase,1708.0,Trey Hendrickson,17.5,Geno Stone,4.0
140,CLE,2005,6,9,1,6,Trent Dilfer,2321.0,Reuben Droughns,1232.0,Antonio Bryant,1009.0,Alvin McKinley,5.0,Brian Russell,3.0
141,CLE,2006,6,10,0,4,Charlie Frye,2454.0,Reuben Droughns,758.0,Braylon Edwards,884.0,Kamerion Wimbley,11.0,Sean Jones,5.0
142,CLE,2007,9,7,0,10,Derek Anderson,3787.0,Jamal Lewis,1304.0,Braylon Edwards,1289.0,Kamerion Wimbley,5.0,Leigh Bodden,6.0
143,CLE,2008,4,12,0,4,Derek Anderson,1615.0,Jamal Lewis,1002.0,Braylon Edwards,873.0,Shaun Rogers,4.5,Brandon McDonald,5.0
144,CLE,2009,9,7,0,5,Brady Quinn,1339.0,Jerome Harrison,862.0,Mohamed Massaquoi,624.0,Kamerion Wimbley,6.5,Eric Wright,4.0
145,CLE,2010,9,7,0,5,Colt McCoy,1576.0,Peyton Hillis,1177.0,Ben Watson,763.0,Marcus Benard,7.5,Joe Haden,6.0
146,CLE,2011,7,9,0,4,Colt McCoy,2733.0,Peyton Hillis,587.0,Greg Little,709.0,Jabaal Sheard,8.5,Mike Adams,3.0
147,CLE,2012,5,11,0,5,Brandon Weeden,3385.0,Trent Richardson,950.0,Josh Gordon,805.0,Jabaal Sheard,7.0,Sheldon Brown,3.0
148,CLE,2013,3,13,0,4,Jason Campbell,2015.0,Willis McGahee,377.0,Josh Gordon,1646.0,Jabaal Sheard,5.5,Tashaun Gipson,5.0
149,CLE,2014,8,8,0,7,Brian Hoyer,3326.0,Terrance West,673.0,Andrew Hawkins,824.0,Paul Kruger,11.0,Tashaun Gipson,6.0
150,CLE,2015,6,9,1,3,Josh McCown,2109.0,Isaiah Crowell,706.0,Gary Barnidge,1043.0,Desmond Bryant,6.0,Karlos Dansby,3.0
151,CLE,2016,9,7,0,1,Cody Kessler,1380.0,Isaiah Crowell,952.0,Terrelle Pryor,1007.0,Emmanuel Ogbah,5.5,Jamar Taylor,3.0
152,CLE,2017,9,7,0,0,DeShone Kizer,2894.0,Isaiah Crowell,853.0,Duke Johnson,693.0,Myles Garrett,7.0,Jason McCourty,3.0
153,CLE,2018,5,9,2,7,Baker Mayfield,3725.0,Nick Chubb,996.0,Jarvis Landry,976.0,Myles Garrett,13.5,Damarious Randall,4.0
154,CLE,2019,11,5,0,6,Baker Mayfield,3827.0,Nick Chubb,1494.0,Jarvis Landry,1174.0,Myles Garrett,10.0,Joe Schobert,4.0
155,CLE,2020,11,7,0,11,Baker Mayfield,3563.0,Nick Chubb,1067.0,Jarvis Landry,840.0,Myles Garrett,12.0,M.J. Stewart,2.0
156,CLE,2021,9,8,0,8,Baker Mayfield,3010.0,Nick Chubb,1259.0,Donovan Peoples-Jones,597.0,Myles Garrett,16.0,John Johnson,3.0
157,CLE,2022,7,10,0,7,Jacoby Brissett,2608.0,Nick Chubb,1525.0,Amari Cooper,1160.0,Myles Garrett,16.0,Grant Delpit,4.0
158,CLE,2023,9,9,0,11,Joe Flacco,1616.0,Jerome Ford,813.0,Amari Cooper,1250.0,Myles Garrett,14.0,Martin Emerson,4.0
159,CLE,2024,9,8,0,3,Jameis Winston,2121.0,Jerome Ford,565.0,Jerry Jeudy,1229.0,Myles Garrett,14.0,Denzel Ward,2.0
160,DAL,2005,8,8,0,9,Drew Bledsoe,3639.0,Julius Jones,993.0,Terry Glenn,1136.0,DeMarcus Ware,8.0,Aaron Glenn,4.0
161,DAL,2006,6,10,1,9,Tony Romo,2903.0,Julius Jones,1084.0,Terrell Owens,1180.0,DeMarcus Ware,11.5,Roy Williams,5.0
162,DAL,2007,11,6,0,13,Tony Romo,4211.0,Marion Barber III,975.0,Terrell Owens,1355.0,DeMarcus Ware,14.0,Anthony Henry,6.0
163,DAL,2008,9,7,0,9,Tony Romo,3448.0,Marion Barber III,885.0,Terrell Owens,1052.0,DeMarcus Ware,20.0,Terence Newman,4.0
164,DAL,2009,13,5,0,11,Tony Romo,4483.0,Marion Barber III,932.0,Miles Austin,1320.0,DeMarcus Ware,11.0,Mike Jenkins,5.0
165,DAL,2010,7,7,2,6,Jon Kitna,2365.0,Felix Jones,800.0,Miles Austin,1041.0,DeMarcus Ware,15.5,Terence Newman,5.0
166,DAL,2011,8,8,0,8,Tony Romo,4184.0,DeMarco Murray,897.0,Jason Witten,942.0,DeMarcus Ware,19.5,Sean Lee,4.0
167,DAL,2012,7,8,1,8,Tony Romo,4903.0,DeMarco Murray,663.0,Dez Bryant,1382.0,DeMarcus Ware,11.5,Brandon Carr,3.0
168,DAL,2013,11,5,0,8,Tony Romo,3828.0,DeMarco Murray,1121.0,Dez Bryant,1233.0,Jason Hatcher,11.0,Sean Lee,4.0
169,DAL,2014,8,10,0,12,Tony Romo,3705.0,DeMarco Murray,1845.0,Dez Bryant,1320.0,Jeremy Mincey,6.0,Bruce Carter,5.0
170,DAL,2015,9,7,0,4,Matt Cassel,1276.0,Darren McFadden,1089.0,Terrance Williams,840.0,DeMarcus Lawrence,8.0,Jeff Heath,2.0
171,DAL,2016,10,7,0,13,Dak Prescott,3667.0,Ezekiel Elliott,1631.0,Cole Beasley,833.0,Benson Mayowa,6.0,Barry Church,2.0
172,DAL,2017,6,10,0,9,Dak Prescott,3324.0,Ezekiel Elliott,983.0,Dez Bryant,838.0,DeMarcus Lawrence,14.5,Jeff Heath,3.0
173,DAL,2018,8,10,0,10,Dak Prescott,3885.0,Ezekiel Elliott,1434.0,Amari Cooper,725.0,DeMarcus Lawrence,10.5,Leighton Vander Esch,2.0
174,DAL,2019,6,10,0,8,Dak Prescott,4902.0,Ezekiel Elliott,1357.0,Amari Cooper,1189.0,Robert Quinn,11.5,Jourdan Lewis,2.0
175,DAL,2020,7,9,0,6,Andy Dalton,2170.0,Ezekiel Elliott,979.0,Amari Cooper,1114.0,DeMarcus Lawrence,6.5,Trevon Diggs,3.0
176,DAL,2021,7,9,2,12,Dak Prescott,4449.0,Ezekiel Elliott,1002.0,CeeDee Lamb,1102.0,Micah Parsons,13.0,Trevon Diggs,11.0
177,DAL,2022,13,6,0,12,Dak Prescott,2860.0,Tony Pollard,1007.0,CeeDee Lamb,1359.0,Micah Parsons,13.5,DaRon Bland,5.0
178,DAL,2023,8,10,0,12,Dak Prescott,4516.0,Tony Pollard,1005.0,CeeDee Lamb,1749.0,Micah Parsons,14.0,DaRon Bland,9.0
179,DAL,2024,11,6,0,7,Dak Prescott,1978.0,Rico Dowdle,1079.0,CeeDee Lamb,1194.0,Micah Parsons,12.0,Malik Hooker,2.0
180,DEN,2005,13,5,0,13,Jake Plummer,3366.0,Mike Anderson,1014.0,Rod Smith,1105.0,John Lynch,4.0,Champ Bailey,8.0
181,DEN,2006,10,5,1,9,Jake Plummer,1994.0,Tatum Bell,1025.0,Javon Walker,1084.0,Elvis Dumervil,8.5,Champ Bailey,10.0
182,DEN,2007,8,7,1,7,Jay Cutler,3497.0,Selvin Young,729.0,Brandon Marshall,1325.0,Elvis Dumervil,12.5,Dre' Bly,5.0
183,DEN,2008,8,8,0,8,Jay Cutler,4526.0,Peyton Hillis,343.0,Brandon Marshall,1265.0,Elvis Dumervil,5.0,Dre' Bly,2.0
184,DEN,2009,5,9,2,8,Kyle Orton,3802.0,Knowshon Moreno,947.0,Brandon Marshall,1120.0,Elvis Dumervil,17.0,Andre' Goodman,5.0
185,DEN,2010,8,7,1,4,Kyle Orton,3653.0,Knowshon Moreno,779.0,Brandon Lloyd,1448.0,D.J. Williams,5.5,Renaldo Hill,2.0
186,DEN,2011,10,7,1,8,Tim Tebow,1729.0,Willis McGahee,1199.0,Eric Decker,612.0,Von Miller,11.5,Andre' Goodman,2.0
187,DEN,2012,9,8,0,13,Peyton Manning,4659.0,Willis McGahee,731.0,Demaryius Thomas,1434.0,Von Miller,18.5,Wesley Woodyard,3.0
188,DEN,2013,11,7,1,13,Peyton Manning,5477.0,Knowshon Moreno,1038.0,Demaryius Thomas,1430.0,Shaun Phillips,10.0,Danny Trevathan,3.0
189,DEN,2014,12,5,0,12,Peyton Manning,4727.0,C.J. Anderson,849.0,Demaryius Thomas,1619.0,Von Miller,14.0,Rahim Moore,4.0
190,DEN,2015,8,11,0,12,Peyton Manning,2249.0,Ronnie Hillman,863.0,Demaryius Thomas,1304.0,Von Miller,11.0,Aqib Talib,3.0
191,DEN,2016,10,6,0,9,Trevor Siemian,3401.0,Devontae Booker,612.0,Demaryius Thomas,1083.0,Von Miller,13.5,Darian Stewart,3.0
192,DEN,2017,8,7,1,5,Trevor Siemian,2285.0,C.J. Anderson,1007.0,Demaryius Thomas,949.0,Von Miller,10.0,Darian Stewart,3.0
193,DEN,2018,7,8,1,6,Case Keenum,3890.0,Phillip Lindsay,1037.0,Emmanuel Sanders,868.0,Von Miller,14.5,Justin Simmons,3.0
194,DEN,2019,10,6,0,7,Joe Flacco,1822.0,Phillip Lindsay,1011.0,Courtland Sutton,1112.0,Von Miller,8.0,Justin Simmons,4.0
195,DEN,2020,10,6,0,5,Drew Lock,2933.0,Melvin Gordon,986.0,Jerry Jeudy,856.0,Malik Reed,8.0,Justin Simmons,5.0
196,DEN,2021,7,10,0,7,Teddy Bridgewater,3052.0,Melvin Gordon,918.0,Courtland Sutton,776.0,Shelby Harris,6.0,Justin Simmons,5.0
197,DEN,2022,10,6,1,5,Russell Wilson,3524.0,Latavius Murray,703.0,Jerry Jeudy,972.0,Dre'Mont Jones,6.5,Justin Simmons,6.0
198,DEN,2023,9,8,0,8,Russell Wilson,3070.0,Javonte Williams,774.0,Courtland Sutton,772.0,Jonathon Cooper,8.5,Justin Simmons,3.0
199,DEN,2024,9,9,0,10,Bo Nix,3775.0,Javonte Williams,513.0,Courtland Sutton,1081.0,Nik Bonitto,13.5,Patrick Surtain II,4.0
200,DET,2005,9,6,1,5,Joey Harrington,2021.0,Kevin Jones,664.0,Roy Williams,687.0,Kalimba Edwards,7.0,Dre' Bly,6.0
201,DET,2006,5,10,1,3,Jon Kitna,4208.0,Kevin Jones,689.0,Roy Williams,1310.0,Cory Redding,8.0,Dre' Bly,3.0
202,DET,2007,10,6,0,7,Jon Kitna,4068.0,Kevin Jones,581.0,Shaun McDonald,943.0,Shaun Rogers,7.0,Keith Smith,3.0
203,DET,2008,9,7,0,0,Dan Orlovsky,1616.0,Kevin Smith,976.0,Calvin Johnson,1331.0,Dewayne White,6.5,Leigh Bodden,1.0
204,DET,2009,7,9,0,2,Matthew Stafford,2267.0,Kevin Smith,747.0,Calvin Johnson,984.0,Cliff Avril,5.5,Will Peterson,2.0
205,DET,2010,9,7,0,6,Shaun Hill,2686.0,Jahvid Best,555.0,Calvin Johnson,1120.0,Ndamukong Suh,10.0,Alphonso Smith,5.0
206,DET,2011,7,10,0,10,Matthew Stafford,5038.0,Jahvid Best,390.0,Calvin Johnson,1681.0,Cliff Avril,11.0,Chris Houston,5.0
207,DET,2012,9,7,0,4,Matthew Stafford,4967.0,Mikel Leshoure,798.0,Calvin Johnson,1964.0,Cliff Avril,9.5,Chris Houston,2.0
208,DET,2013,9,7,0,7,Matthew Stafford,4650.0,Reggie Bush,1006.0,Calvin Johnson,1492.0,Ezekiel Ansah,8.0,DeAndre Levy,6.0
209,DET,2014,11,6,0,11,Matthew Stafford,4257.0,Joique Bell,860.0,Golden Tate,1331.0,Ndamukong Suh,8.5,Glover Quin,7.0
210,DET,2015,10,6,0,7,Matthew Stafford,4262.0,Ameer Abdullah,597.0,Calvin Johnson,1214.0,Ezekiel Ansah,14.5,Glover Quin,4.0
211,DET,2016,10,6,1,9,Matthew Stafford,4327.0,Theo Riddick,357.0,Golden Tate,1077.0,Kerry Hyder,8.0,Glover Quin,2.0
212,DET,2017,9,7,0,9,Matthew Stafford,4446.0,Ameer Abdullah,552.0,Marvin Jones,1101.0,Ezekiel Ansah,12.0,Darius Slay,8.0
213,DET,2018,5,11,0,6,Matthew Stafford,3777.0,Kerryon Johnson,641.0,Kenny Golladay,1063.0,Romeo Okwara,7.5,Quandre Diggs,3.0
214,DET,2019,8,8,0,3,Matthew Stafford,2499.0,Kerryon Johnson,403.0,Kenny Golladay,1190.0,Devon Kennard,7.0,Darius Slay,2.0
215,DET,2020,9,7,0,5,Matthew Stafford,4084.0,Adrian Peterson,604.0,Marvin Jones,978.0,Romeo Okwara,10.0,Duron Harmon,2.0
216,DET,2021,6,11,0,3,Jared Goff,3245.0,D'Andre Swift,617.0,Amon-Ra St. Brown,912.0,Charles Harris,7.5,Amani Oruwariye,6.0
217,DET,2022,11,5,1,9,Jared Goff,4438.0,Jamaal Williams,1066.0,Amon-Ra St. Brown,1161.0,Aidan Hutchinson,9.5,Kerby Joseph,4.0
218,DET,2023,10,10,0,12,Jared Goff,4575.0,David Montgomery,1015.0,Amon-Ra St. Brown,1515.0,Aidan Hutchinson,11.5,Kerby Joseph,4.0
219,DET,2024,9,9,0,15,Jared Goff,4629.0,Jahmyr Gibbs,1412.0,Amon-Ra St. Brown,1263.0,Aidan Hutchinson,7.5,Kerby Joseph,9.0
220,GNB,2005,8,8,0,4,Brett Favre,3881.0,Samkon Gado,582.0,Donald Driver,1221.0,Kabeer Gbaja-Biamila,8.0,Al Harris,3.0
221,GNB,2006,13,3,0,8,Brett Favre,3885.0,Ahman Green,1059.0,Donald Driver,1295.0,Aaron Kampman,15.5,Charles Woodson,8.0
222,GNB,2007,11,6,1,13,Brett Favre,4155.0,Ryan Grant,956.0,Donald Driver,1048.0,Aaron Kampman,12.0,Atari Bigby,5.0
223,GNB,2008,8,8,0,6,Aaron Rodgers,4038.0,Ryan Grant,1203.0,Greg Jennings,1292.0,Aaron Kampman,9.5,Nick Collins,7.0
224,GNB,2009,9,8,0,11,Aaron Rodgers,4434.0,Ryan Grant,1253.0,Greg Jennings,1113.0,Clay Matthews,10.0,Charles Woodson,9.0
225,GNB,2010,11,6,3,10,Aaron Rodgers,3922.0,Brandon Jackson,703.0,Greg Jennings,1265.0,Clay Matthews,13.5,Tramon Williams,6.0
226,GNB,2011,8,9,0,15,Aaron Rodgers,4643.0,James Starks,578.0,Jordy Nelson,1263.0,Clay Matthews,6.0,Charles Woodson,7.0
227,GNB,2012,9,8,1,11,Aaron Rodgers,4295.0,Alex Green,464.0,Randall Cobb,954.0,Clay Matthews,13.0,Casey Hayward,6.0
228,GNB,2013,9,8,0,8,Aaron Rodgers,2536.0,Eddie Lacy,1178.0,Jordy Nelson,1314.0,Clay Matthews,7.5,Sam Shields,4.0
229,GNB,2014,10,8,0,12,Aaron Rodgers,4381.0,Eddie Lacy,1139.0,Jordy Nelson,1519.0,Clay Matthews,11.0,Tramon Williams,3.0
230,GNB,2015,9,9,0,10,Aaron Rodgers,3821.0,Eddie Lacy,758.0,James Jones,890.0,Julius Peppers,10.5,Damarious Randall,3.0
231,GNB,2016,11,8,0,10,Aaron Rodgers,4428.0,Ty Montgomery,457.0,Jordy Nelson,1257.0,Nick Perry,11.0,Ha Ha Clinton-Dix,5.0
232,GNB,2017,11,5,0,7,Brett Hundley,1836.0,Jamaal Williams,556.0,Davante Adams,885.0,Clay Matthews,7.5,Damarious Randall,4.0
233,GNB,2018,9,7,0,6,Aaron Rodgers,4442.0,Aaron Jones,728.0,Davante Adams,1386.0,Kyler Fackrell,10.5,Ha Ha Clinton-Dix,3.0
234,GNB,2019,12,6,0,13,Aaron Rodgers,4002.0,Aaron Jones,1084.0,Davante Adams,997.0,Za'Darius Smith,13.5,Kevin King,5.0
235,GNB,2020,12,6,0,13,Aaron Rodgers,4299.0,Aaron Jones,1104.0,Davante Adams,1374.0,Za'Darius Smith,12.5,Darnell Savage Jr.,4.0
236,GNB,2021,11,7,0,13,Aaron Rodgers,4115.0,AJ Dillon,803.0,Davante Adams,1553.0,Rashan Gary,9.5,Rasul Douglas,5.0
237,GNB,2022,9,7,1,8,Aaron Rodgers,3695.0,Aaron Jones,1121.0,Allen Lazard,788.0,Preston Smith,8.5,Jaire Alexander,5.0
238,GNB,2023,9,9,1,9,Jordan Love,4159.0,Aaron Jones,656.0,Jayden Reed,793.0,Rashan Gary,9.0,Rudy Ford,2.0
239,GNB,2024,9,9,0,11,Jordan Love,3389.0,Josh Jacobs,1329.0,Jayden Reed,857.0,Rashan Gary,7.5,Xavier McKinney,8.0
240,HOU,2005,7,9,0,2,David Carr,2488.0,Domanick Williams,976.0,Andre Johnson,688.0,Shantee Orr,7.0,Glenn Earl,2.0
241,HOU,2006,5,11,0,6,David Carr,2767.0,Ron Dayne,612.0,Andre Johnson,1147.0,Jason Babin,5.0,Dunta Robinson,2.0
242,HOU,2007,8,7,1,8,Matt Schaub,2241.0,Ron Dayne,773.0,Andre Johnson,851.0,Mario Williams,14.0,Fred Bennett,3.0
243,HOU,2008,9,7,0,8,Matt Schaub,3043.0,Steve Slaton,1282.0,Andre Johnson,1575.0,Mario Williams,12.0,Jacques Reeves,4.0
244,HOU,2009,9,7,0,9,Matt Schaub,4770.0,Steve Slaton,437.0,Andre Johnson,1569.0,Mario Williams,9.0,Brian Cushing,4.0
245,HOU,2010,6,10,0,6,Matt Schaub,4370.0,Arian Foster,1616.0,Andre Johnson,1216.0,Mario Williams,8.5,Glover Quin,3.0
246,HOU,2011,7,11,0,10,Matt Schaub,2479.0,Arian Foster,1224.0,Owen Daniels,677.0,Connor Barwin,11.5,Jason Allen,4.0
247,HOU,2012,9,9,0,12,Matt Schaub,4008.0,Arian Foster,1424.0,Andre Johnson,1598.0,J.J. Watt,20.5,Kareem Jackson,4.0
248,HOU,2013,9,7,0,2,Matt Schaub,2310.0,Ben Tate,771.0,Andre Johnson,1407.0,J.J. Watt,10.5,Johnathan Joseph,3.0
249,HOU,2014,7,9,0,9,Ryan Fitzpatrick,2483.0,Arian Foster,1246.0,DeAndre Hopkins,1210.0,J.J. Watt,20.5,A.J. Bouye,3.0
250,HOU,2015,9,8,0,9,Brian Hoyer,2606.0,Alfred Blue,698.0,DeAndre Hopkins,1521.0,J.J. Watt,17.5,Andre Hal,4.0
251,HOU,2016,10,7,1,9,Brock Osweiler,2957.0,Lamar Miller,1073.0,DeAndre Hopkins,954.0,Whitney Mercilus,7.5,Quintin Demps,6.0
252,HOU,2017,4,11,1,4,Deshaun Watson,1699.0,Lamar Miller,888.0,DeAndre Hopkins,1378.0,Jadeveon Clowney,9.5,Andre Hal,3.0
253,HOU,2018,11,6,0,11,Deshaun Watson,4165.0,Lamar Miller,973.0,DeAndre Hopkins,1572.0,J.J. Watt,16.0,Justin Reid,3.0
254,HOU,2019,9,8,1,10,Deshaun Watson,3852.0,Carlos Hyde,1070.0,DeAndre Hopkins,1165.0,Whitney Mercilus,7.5,Tashaun Gipson,3.0
255,HOU,2020,7,9,0,4,Deshaun Watson,4823.0,David Johnson,691.0,Brandin Cooks,1150.0,J.J. Watt,5.0,Vernon Hargreaves III,1.0
256,HOU,2021,8,9,0,4,Davis Mills,2664.0,Rex Burkhead,427.0,Brandin Cooks,1037.0,Jonathan Greenard,8.0,Desmond King,3.0
257,HOU,2022,10,6,1,3,Davis Mills,3118.0,Dameon Pierce,939.0,Brandin Cooks,699.0,Jerry Hughes,9.0,Jalen Pitre,5.0
258,HOU,2023,8,10,1,10,C.J. Stroud,4108.0,Devin Singletary,898.0,Nico Collins,1297.0,Jonathan Greenard,12.5,Derek Stingley Jr.,5.0
259,HOU,2024,10,9,0,10,C.J. Stroud,3727.0,Joe Mixon,1016.0,Nico Collins,1006.0,Danielle Hunter,12.0,Derek Stingley Jr.,5.0
260,IND,2005,8,9,0,14,Peyton Manning,3747.0,Edgerrin James,1506.0,Marvin Harrison,1146.0,Robert Mathis,11.5,Cato June,5.0
261,IND,2006,15,4,1,12,Peyton Manning,4397.0,Joseph Addai,1081.0,Marvin Harrison,1366.0,Robert Mathis,9.5,Cato June,3.0
262,IND,2007,9,8,0,13,Peyton Manning,4040.0,Joseph Addai,1072.0,Reggie Wayne,1510.0,Robert Mathis,7.0,Gary Brackett,4.0
263,IND,2008,9,8,0,12,Peyton Manning,4002.0,Joseph Addai,544.0,Reggie Wayne,1145.0,Robert Mathis,11.5,Melvin Bullitt,4.0
264,IND,2009,10,9,0,14,Peyton Manning,4500.0,Joseph Addai,828.0,Reggie Wayne,1264.0,Dwight Freeney,13.5,Antoine Bethea,4.0
265,IND,2010,9,8,0,10,Peyton Manning,4700.0,Donald Brown,497.0,Reggie Wayne,1355.0,Robert Mathis,11.0,Aaron Francisco,2.0
266,IND,2011,6,10,0,2,Curtis Painter,1541.0,Donald Brown,645.0,Reggie Wayne,960.0,Robert Mathis,9.5,Joe Lefeged,2.0
267,IND,2012,5,11,1,11,Andrew Luck,4374.0,Vick Ballard,814.0,Reggie Wayne,1355.0,Robert Mathis,8.0,Darius Butler,4.0
268,IND,2013,8,9,1,11,Andrew Luck,3822.0,Donald Brown,537.0,T.Y. Hilton,1083.0,Robert Mathis,19.5,Darius Butler,4.0
269,IND,2014,9,9,1,11,Andrew Luck,4761.0,Trent Richardson,519.0,T.Y. Hilton,1345.0,Jonathan Newsome,6.5,Mike Adams,5.0
270,IND,2015,8,8,0,8,Andrew Luck,1881.0,Frank Gore,967.0,T.Y. Hilton,1124.0,Kendall Langford,7.0,Mike Adams,5.0
271,IND,2016,12,4,0,8,Andrew Luck,4240.0,Frank Gore,1025.0,T.Y. Hilton,1448.0,Erik Walden,11.0,Darius Butler,3.0
272,IND,2017,8,7,1,4,Jacoby Brissett,3098.0,Frank Gore,961.0,T.Y. Hilton,966.0,Jabaal Sheard,5.5,Rashaan Melvin,3.0
273,IND,2018,9,9,0,10,Andrew Luck,4593.0,Marlon Mack,908.0,T.Y. Hilton,1270.0,Denico Autry,9.0,Kenny Moore,3.0
274,IND,2019,8,8,0,7,Jacoby Brissett,2942.0,Marlon Mack,1091.0,Zach Pascal,607.0,Justin Houston,11.0,Shaquille Leonard,5.0
275,IND,2020,9,8,0,11,Philip Rivers,4169.0,Jonathan Taylor,1169.0,T.Y. Hilton,762.0,DeForest Buckner,9.5,Kenny Moore,4.0
276,IND,2021,13,3,1,9,Carson Wentz,3563.0,Jonathan Taylor,1811.0,Michael Pittman Jr.,1082.0,DeForest Buckner,7.0,Kenny Moore,4.0
277,IND,2022,7,9,1,4,Matt Ryan,3057.0,Jonathan Taylor,861.0,Michael Pittman Jr.,925.0,Yannick Ngakoue,9.5,Rodney Thomas II,4.0
278,IND,2023,8,9,0,9,Gardner Minshew II,3305.0,Zack Moss,794.0,Michael Pittman Jr.,1152.0,Samson Ebukam,9.5,Julian Blackmon,4.0
279,IND,2024,10,7,0,8,Anthony Richardson,1814.0,Jonathan Taylor,1431.0,Alec Pierce,824.0,Kwity Paye,8.0,Nick Cross,3.0
280,JAX,2005,9,7,1,12,Byron Leftwich,2123.0,Fred Taylor,787.0,Jimmy Smith,1023.0,Reggie Hayward,8.5,Rashean Mathis,5.0
281,JAX,2006,7,7,2,8,David Garrard,1735.0,Fred Taylor,1146.0,Matt Jones,643.0,Bobby McCray,10.0,Rashean Mathis,8.0
282,JAX,2007,11,7,0,11,David Garrard,2509.0,Fred Taylor,1202.0,Reggie Williams,629.0,Paul Spicer,7.5,Reggie Nelson,5.0
283,JAX,2008,6,8,2,5,David Garrard,3620.0,Maurice Jones-Drew,824.0,Matt Jones,761.0,Reggie Hayward,4.5,Gerald Sensabaugh,4.0
284,JAX,2009,5,11,0,7,David Garrard,3597.0,Maurice Jones-Drew,1391.0,Mike Sims-Walker,869.0,John Henderson,3.0,Derek Cox,4.0
285,JAX,2010,11,5,0,8,David Garrard,2734.0,Maurice Jones-Drew,1324.0,Mike Thomas,820.0,Jeremy Mincey,5.0,Derek Cox,4.0
286,JAX,2011,6,10,0,5,Blaine Gabbert,2214.0,Maurice Jones-Drew,1606.0,Marcedes Lewis,460.0,Jeremy Mincey,8.0,Dawan Landry,2.0
287,JAX,2012,7,9,0,2,Chad Henne,2084.0,Maurice Jones-Drew,414.0,Cecil Shorts,979.0,Tyson Alualu,3.5,Derek Cox,4.0
288,JAX,2013,9,7,0,4,Chad Henne,3241.0,Maurice Jones-Drew,803.0,Cecil Shorts,777.0,Jason Babin,7.5,Alan Ball,2.0
289,JAX,2014,9,7,0,3,Blake Bortles,2908.0,Denard Robinson,582.0,Allen Hurns,677.0,Sen'Derrick Marks,8.5,J.T. Thomas,2.0
290,JAX,2015,5,11,0,5,Blake Bortles,4428.0,T.J. Yeldon,740.0,Allen Robinson,1400.0,Jared Odrick,5.5,Davon House,4.0
291,JAX,2016,5,10,1,3,Blake Bortles,3905.0,T.J. Yeldon,465.0,Allen Robinson,883.0,Yannick Ngakoue,8.0,Jalen Ramsey,2.0
292,JAX,2017,10,8,1,10,Blake Bortles,3687.0,Leonard Fournette,1040.0,Keelan Cole,748.0,Calais Campbell,14.5,A.J. Bouye,6.0
293,JAX,2018,7,8,1,5,Blake Bortles,2718.0,Leonard Fournette,439.0,Dede Westbrook,717.0,Calais Campbell,10.5,Jalen Ramsey,3.0
294,JAX,2019,4,12,0,6,Gardner Minshew II,3271.0,Leonard Fournette,1152.0,DJ Chark,1008.0,Josh Hines-Allen,10.5,Tre Herndon,3.0
295,JAX,2020,7,9,0,1,Gardner Minshew II,2259.0,James Robinson,1070.0,DJ Chark,706.0,Dawuane Smoot,5.5,Joe Schobert,3.0
296,JAX,2021,7,10,0,3,Trevor Lawrence,3641.0,James Robinson,767.0,Marvin Jones,832.0,Josh Hines-Allen,7.5,Tyson Campbell,2.0
297,JAX,2022,6,12,1,9,Trevor Lawrence,4113.0,Travis Etienne,1125.0,Christian Kirk,1108.0,Josh Hines-Allen,7.0,Tyson Campbell,3.0
298,JAX,2023,10,6,1,9,Trevor Lawrence,4016.0,Travis Etienne,1008.0,Calvin Ridley,1016.0,Josh Hines-Allen,17.5,Darious Williams,4.0
299,JAX,2024,10,7,0,4,Trevor Lawrence,2045.0,Tank Bigsby,766.0,Brian Thomas,1282.0,Travon Walker,10.5,Montaric Brown,1.0
300,KAN,2005,7,9,0,10,Trent Green,4014.0,Larry Johnson,1750.0,Eddie Kennison,1102.0,Jared Allen,11.0,Greg Wesley,6.0
301,KAN,2006,8,9,0,9,Damon Huard,1878.0,Larry Johnson,1789.0,Tony Gonzalez,900.0,Tamba Hali,8.0,Ty Law,4.0
302,KAN,2007,5,11,0,4,Damon Huard,2257.0,Larry Johnson,559.0,Tony Gonzalez,1172.0,Jared Allen,15.5,Jarrad Page,3.0
303,KAN,2008,6,10,0,2,Tyler Thigpen,2608.0,Larry Johnson,874.0,Tony Gonzalez,1058.0,Tamba Hali,3.0,Jarrad Page,4.0
304,KAN,2009,8,8,0,4,Matt Cassel,2924.0,Jamaal Charles,1120.0,Chris Chambers,608.0,Tamba Hali,8.5,Brandon Flowers,5.0
305,KAN,2010,9,8,0,10,Matt Cassel,3116.0,Jamaal Charles,1467.0,Dwayne Bowe,1162.0,Tamba Hali,14.5,Eric Berry,4.0
306,KAN,2011,4,10,2,7,Matt Cassel,1713.0,Jackie Battle,597.0,Dwayne Bowe,1159.0,Tamba Hali,12.0,Brandon Carr,4.0
307,KAN,2012,8,7,1,2,Matt Cassel,1796.0,Jamaal Charles,1509.0,Dwayne Bowe,801.0,Justin Houston,10.0,Brandon Flowers,3.0
308,KAN,2013,7,9,1,11,Alex Smith,3313.0,Jamaal Charles,1287.0,Jamaal Charles,693.0,Tamba Hali,11.0,Quintin Demps,4.0
309,KAN,2014,7,9,0,9,Alex Smith,3265.0,Jamaal Charles,1033.0,Travis Kelce,862.0,Justin Houston,22.0,Kurt Coleman,3.0
310,KAN,2015,7,11,0,11,Alex Smith,3486.0,Charcandrick West,634.0,Jeremy Maclin,1088.0,Justin Houston,7.5,Marcus Peters,8.0
311,KAN,2016,9,7,1,12,Alex Smith,3502.0,Spencer Ware,921.0,Travis Kelce,1125.0,Dee Ford,10.0,Marcus Peters,6.0
312,KAN,2017,9,7,1,10,Alex Smith,4042.0,Kareem Hunt,1327.0,Tyreek Hill,1183.0,Justin Houston,9.5,Marcus Peters,5.0
313,KAN,2018,12,6,0,12,Patrick Mahomes,5097.0,Kareem Hunt,824.0,Tyreek Hill,1479.0,Chris Jones,15.5,Steven Nelson,4.0
314,KAN,2019,11,8,0,12,Patrick Mahomes,4031.0,Damien Williams,498.0,Travis Kelce,1229.0,Chris Jones,9.0,Tyrann Mathieu,4.0
315,KAN,2020,12,7,0,14,Patrick Mahomes,4740.0,Clyde Edwards-Helaire,803.0,Travis Kelce,1416.0,Chris Jones,7.5,Tyrann Mathieu,6.0
316,KAN,2021,12,8,0,12,Patrick Mahomes,4839.0,Darrel Williams,558.0,Tyreek Hill,1239.0,Chris Jones,9.0,Tyrann Mathieu,3.0
317,KAN,2022,13,7,0,14,Patrick Mahomes,5250.0,Isiah Pacheco,830.0,Travis Kelce,1338.0,Chris Jones,15.5,L'Jarius Sneed,3.0
318,KAN,2023,12,9,0,11,Patrick Mahomes,4183.0,Isiah Pacheco,935.0,Travis Kelce,984.0,Chris Jones,10.5,L'Jarius Sneed,2.0
319,KAN,2024,12,8,0,15,Patrick Mahomes,3928.0,Kareem Hunt,728.0,Travis Kelce,823.0,George Karlaftis III,8.0,Jaden Hicks,3.0
320,LAC,2017,8,8,0,9,Philip Rivers,4515.0,Melvin Gordon,1105.0,Keenan Allen,1393.0,Joey Bosa,12.5,Tre Boston,5.0
321,LAC,2018,9,8,1,12,Philip Rivers,4308.0,Melvin Gordon,885.0,Keenan Allen,1196.0,Melvin Ingram,7.0,Derwin James,3.0
322,LAC,2019,6,10,0,5,Philip Rivers,4615.0,Melvin Gordon,612.0,Keenan Allen,1199.0,Joey Bosa,11.5,Rayshawn Jenkins,3.0
323,LAC,2020,7,9,0,7,Justin Herbert,4336.0,Austin Ekeler,530.0,Keenan Allen,992.0,Joey Bosa,7.5,Michael Davis,3.0
324,LAC,2021,9,6,2,9,Justin Herbert,5014.0,Austin Ekeler,911.0,Mike Williams,1146.0,Joey Bosa,10.5,Kyzir White,2.0
325,LAC,2022,6,12,0,10,Justin Herbert,4739.0,Austin Ekeler,915.0,Mike Williams,895.0,Khalil Mack,8.0,Bryce Callahan,3.0
326,LAC,2023,11,5,1,5,Justin Herbert,3134.0,Austin Ekeler,628.0,Keenan Allen,1243.0,Khalil Mack,17.0,Asante Samuel Jr.,2.0
327,LAC,2024,9,9,0,11,Justin Herbert,3870.0,J.K. Dobbins,905.0,Ladd McConkey,1149.0,Tuli Tuipulotu,8.5,Tarheeb Still,4.0
328,LAR,2016,9,7,0,4,Case Keenum,2201.0,Todd Gurley,885.0,Kenny Britt,1002.0,Aaron Donald,8.0,Mark Barron,2.0
329,LAR,2017,5,12,0,11,Jared Goff,3804.0,Todd Gurley,1305.0,Cooper Kupp,869.0,Aaron Donald,11.0,Mark Barron,3.0
330,LAR,2018,12,6,1,13,Jared Goff,4688.0,Todd Gurley,1251.0,Robert Woods,1219.0,Aaron Donald,20.5,John Johnson,4.0
331,LAR,2019,8,8,0,9,Jared Goff,4638.0,Todd Gurley,857.0,Cooper Kupp,1161.0,Aaron Donald,12.5,Cory Littleton,2.0
332,LAR,2020,11,7,0,10,Jared Goff,3952.0,Cam Akers,625.0,Cooper Kupp,974.0,Aaron Donald,13.5,Darious Williams,4.0
333,LAR,2021,10,10,1,12,Matthew Stafford,4886.0,Sony Michel,845.0,Cooper Kupp,1947.0,Aaron Donald,12.5,Taylor Rapp,4.0
334,LAR,2022,5,12,0,5,Matthew Stafford,2087.0,Cam Akers,786.0,Cooper Kupp,812.0,Leonard Floyd,9.0,Jalen Ramsey,4.0
335,LAR,2023,9,9,0,10,Matthew Stafford,3965.0,Kyren Williams,1144.0,Puka Nacua,1486.0,Kobie Turner,9.0,Jordan Fuller,3.0
336,LAR,2024,8,11,0,10,Matthew Stafford,3762.0,Kyren Williams,1299.0,Puka Nacua,990.0,Braden Fiske,8.5,Kamren Kinchens,4.0
337,LVR,2020,8,8,0,8,Derek Carr,4103.0,Josh Jacobs,1065.0,Darren Waller,1196.0,Maxx Crosby,7.0,Jeff Heath,3.0
338,LVR,2021,8,9,1,10,Derek Carr,4804.0,Josh Jacobs,872.0,Hunter Renfrow,1038.0,Yannick Ngakoue,10.0,Casey Hayward,1.0
339,LVR,2022,8,8,1,6,Derek Carr,3522.0,Josh Jacobs,1653.0,Davante Adams,1516.0,Maxx Crosby,12.5,Duron Harmon,2.0
340,LVR,2023,3,14,0,8,Aidan O'Connell,2218.0,Josh Jacobs,805.0,Davante Adams,1144.0,Maxx Crosby,14.5,Tre'von Moehrig,3.0
341,LVR,2024,6,11,0,4,Gardner Minshew II,2013.0,Alexander Mattison,420.0,Brock Bowers,1194.0,Maxx Crosby,7.5,Jack Jones,3.0
342,MIA,2005,8,8,0,9,Gus Frerotte,2996.0,Ronnie Brown,907.0,Chris Chambers,1118.0,Jason Taylor,12.0,Lance Schulters,4.0
343,MIA,2006,5,10,1,6,Joey Harrington,2236.0,Ronnie Brown,1008.0,Marty Booker,747.0,Jason Taylor,13.5,Renaldo Hill,2.0
344,MIA,2007,5,10,1,1,Cleo Lemon,1773.0,Ronnie Brown,602.0,Marty Booker,556.0,Jason Taylor,11.0,Jason Allen,3.0
345,MIA,2008,11,6,0,11,Chad Pennington,3653.0,Ronnie Brown,916.0,Ted Ginn Jr.,790.0,Joey Porter,17.5,Andre' Goodman,5.0
346,MIA,2009,11,5,0,7,Chad Henne,2878.0,Ricky Williams,1121.0,Davone Bess,758.0,Joey Porter,9.0,Vontae Davis,4.0
347,MIA,2010,6,9,1,7,Chad Henne,3301.0,Ronnie Brown,734.0,Brandon Marshall,1014.0,Cameron Wake,14.0,Jason Allen,3.0
348,MIA,2011,10,6,0,6,Matt Moore,2497.0,Reggie Bush,1086.0,Brandon Marshall,1214.0,Cameron Wake,8.5,Vontae Davis,4.0
349,MIA,2012,8,7,1,7,Ryan Tannehill,3294.0,Reggie Bush,986.0,Brian Hartline,1083.0,Cameron Wake,15.0,Reshad Jones,4.0
350,MIA,2013,11,5,0,8,Ryan Tannehill,3913.0,Lamar Miller,709.0,Brian Hartline,1016.0,Olivier Vernon,11.5,Brent Grimes,4.0
351,MIA,2014,5,11,0,8,Ryan Tannehill,4045.0,Lamar Miller,1099.0,Mike Wallace,862.0,Cameron Wake,11.5,Brent Grimes,5.0
352,MIA,2015,7,8,1,6,Ryan Tannehill,4208.0,Lamar Miller,872.0,Jarvis Landry,1157.0,Olivier Vernon,7.5,Reshad Jones,5.0
353,MIA,2016,4,13,0,10,Ryan Tannehill,2995.0,Jay Ajayi,1272.0,Jarvis Landry,1136.0,Cameron Wake,11.5,Tony Lippett,4.0
354,MIA,2017,7,9,0,6,Jay Cutler,2666.0,Kenyan Drake,644.0,Jarvis Landry,987.0,Cameron Wake,10.5,Xavien Howard,4.0
355,MIA,2018,7,9,0,7,Ryan Tannehill,1979.0,Frank Gore,722.0,Danny Amendola,575.0,Robert Quinn,6.5,Xavien Howard,7.0
356,MIA,2019,6,10,0,5,Ryan Fitzpatrick,3529.0,Mark Walton,201.0,DeVante Parker,1202.0,Taco Charlton,5.0,Steven Parker,2.0
357,MIA,2020,10,6,0,10,Ryan Fitzpatrick,2091.0,Myles Gaskin,584.0,DeVante Parker,793.0,Emmanuel Ogbah,9.0,Xavien Howard,10.0
358,MIA,2021,6,11,0,9,Tua Tagovailoa,2653.0,Myles Gaskin,612.0,Jaylen Waddle,1015.0,Emmanuel Ogbah,9.0,Xavien Howard,5.0
359,MIA,2022,10,8,0,9,Tua Tagovailoa,3548.0,Raheem Mostert,891.0,Tyreek Hill,1710.0,Jaelan Phillips,7.0,Jevon Holland,2.0
360,MIA,2023,9,9,0,11,Tua Tagovailoa,4624.0,Raheem Mostert,1012.0,Tyreek Hill,1799.0,Bradley Chubb,11.0,Jalen Ramsey,3.0
361,MIA,2024,6,11,0,8,Tua Tagovailoa,2867.0,De'Von Achane,907.0,Tyreek Hill,959.0,Zach Sieler,10.0,Tyrel Dodson,3.0
362,MIN,2005,6,10,0,9,Brad Johnson,1885.0,Mewelde Moore,662.0,Travis Taylor,604.0,Lance Johnstone,7.5,Darren Sharper,9.0
363,MIN,2006,9,7,0,6,Brad Johnson,2750.0,Chester Taylor,1216.0,Travis Taylor,651.0,Darrion Scott,5.5,Darren Sharper,4.0
364,MIN,2007,7,8,1,8,Tarvaris Jackson,1911.0,Adrian Peterson,1341.0,Bobby Wade,647.0,Kenechi Udeze,5.0,Darren Sharper,4.0
365,MIN,2008,10,6,1,10,Gus Frerotte,2157.0,Adrian Peterson,1760.0,Bernard Berrian,964.0,Jared Allen,14.5,Antoine Winfield,2.0
366,MIN,2009,12,6,0,12,Brett Favre,4202.0,Adrian Peterson,1383.0,Sidney Rice,1312.0,Jared Allen,14.5,Cedric Griffin,4.0
367,MIN,2010,9,7,0,6,Brett Favre,2509.0,Adrian Peterson,1298.0,Percy Harvin,868.0,Jared Allen,11.0,E.J. Henderson,3.0
368,MIN,2011,5,10,1,3,Christian Ponder,1853.0,Adrian Peterson,970.0,Percy Harvin,967.0,Jared Allen,22.0,Jamarca Sanford,2.0
369,MIN,2012,6,9,2,10,Christian Ponder,2935.0,Adrian Peterson,2097.0,Percy Harvin,677.0,Jared Allen,12.0,Harrison Smith,3.0
370,MIN,2013,4,12,0,5,Matt Cassel,1807.0,Adrian Peterson,1266.0,Greg Jennings,804.0,Jared Allen,11.5,Chad Greenway,3.0
371,MIN,2014,6,10,0,7,Teddy Bridgewater,2919.0,Matt Asiata,570.0,Greg Jennings,742.0,Everson Griffen,12.0,Harrison Smith,5.0
372,MIN,2015,13,4,0,11,Teddy Bridgewater,3231.0,Adrian Peterson,1485.0,Stefon Diggs,720.0,Everson Griffen,10.5,Terence Newman,3.0
373,MIN,2016,9,7,0,8,Sam Bradford,3877.0,Jerick McKinnon,539.0,Adam Thielen,967.0,Danielle Hunter,12.5,Xavier Rhodes,5.0
374,MIN,2017,9,9,0,13,Case Keenum,3547.0,Latavius Murray,842.0,Adam Thielen,1276.0,Everson Griffen,13.0,Harrison Smith,5.0
375,MIN,2018,5,11,0,8,Kirk Cousins,4298.0,Dalvin Cook,615.0,Adam Thielen,1373.0,Danielle Hunter,14.5,Harrison Smith,3.0
376,MIN,2019,8,10,0,10,Kirk Cousins,3603.0,Dalvin Cook,1135.0,Stefon Diggs,1130.0,Danielle Hunter,14.5,Anthony Harris,6.0
377,MIN,2020,6,10,0,7,Kirk Cousins,4265.0,Dalvin Cook,1557.0,Justin Jefferson,1400.0,Yannick Ngakoue,5.0,Harrison Smith,5.0
378,MIN,2021,6,9,2,8,Kirk Cousins,4221.0,Dalvin Cook,1159.0,Justin Jefferson,1616.0,D.J. Wonnum,8.0,Xavier Woods,3.0
379,MIN,2022,9,9,0,13,Kirk Cousins,4547.0,Dalvin Cook,1173.0,Justin Jefferson,1809.0,Danielle Hunter,10.5,Patrick Peterson,5.0
380,MIN,2023,5,12,0,7,Kirk Cousins,2331.0,Alexander Mattison,700.0,Justin Jefferson,1074.0,Danielle Hunter,16.5,Byron Murphy,3.0
381,MIN,2024,8,10,0,14,Sam Darnold,4319.0,Aaron Jones,1138.0,Justin Jefferson,1533.0,Jonathan Greenard,12.0,Byron Murphy,6.0
382,NWE,2005,10,7,1,10,Tom Brady,4110.0,Corey Dillon,733.0,Deion Branch,998.0,Rosevelt Colvin,7.0,Ellis Hobbs,3.0
383,NWE,2006,10,8,1,12,Tom Brady,3529.0,Corey Dillon,812.0,Reche Caldwell,760.0,Rosevelt Colvin,8.5,Asante Samuel,10.0
384,NWE,2007,11,8,0,16,Tom Brady,4806.0,Laurence Maroney,835.0,Randy Moss,1493.0,Mike Vrabel,12.5,Asante Samuel,6.0
385,NWE,2008,8,8,0,11,Matt Cassel,3693.0,Sammy Morris,727.0,Wes Welker,1165.0,Richard Seymour,8.0,Brandon Meriweather,4.0
386,NWE,2009,9,7,1,10,Tom Brady,4398.0,Laurence Maroney,757.0,Wes Welker,1348.0,Tully Banta-Cain,10.0,Brandon Meriweather,5.0
387,NWE,2010,12,5,0,14,Tom Brady,3900.0,BenJarvus Green-Ellis,1008.0,Wes Welker,848.0,Mike Wright,5.5,Devin McCourty,7.0
388,NWE,2011,12,7,0,13,Tom Brady,5235.0,BenJarvus Green-Ellis,667.0,Wes Welker,1569.0,Mark Anderson,10.0,Kyle Arrington,7.0
389,NWE,2012,8,10,0,12,Tom Brady,4827.0,Stevan Ridley,1263.0,Wes Welker,1354.0,Rob Ninkovich,8.0,Devin McCourty,5.0
390,NWE,2013,11,6,1,12,Tom Brady,4343.0,Stevan Ridley,773.0,Julian Edelman,1056.0,Chandler Jones,11.5,Logan Ryan,5.0
391,NWE,2014,11,8,0,12,Tom Brady,4109.0,Jonas Gray,412.0,Rob Gronkowski,1124.0,Rob Ninkovich,8.0,Devin McCourty,2.0
392,NWE,2015,12,5,1,12,Tom Brady,4770.0,LeGarrette Blount,703.0,Rob Gronkowski,1176.0,Chandler Jones,12.5,Logan Ryan,4.0
393,NWE,2016,9,10,0,14,Tom Brady,3554.0,LeGarrette Blount,1161.0,Julian Edelman,1106.0,Trey Flowers,7.0,Malcolm Butler,4.0
394,NWE,2017,9,10,0,13,Tom Brady,4577.0,Dion Lewis,896.0,Rob Gronkowski,1084.0,Trey Flowers,6.5,Duron Harmon,4.0
395,NWE,2018,14,5,0,11,Tom Brady,4355.0,Sony Michel,931.0,Julian Edelman,850.0,Trey Flowers,7.5,Duron Harmon,4.0
396,NWE,2019,9,8,0,12,Tom Brady,4057.0,Sony Michel,912.0,Julian Edelman,1117.0,Jamie Collins,7.0,Stephon Gilmore,6.0
397,NWE,2020,9,7,0,7,Cam Newton,2657.0,Damien Harris,691.0,Jakobi Meyers,729.0,Chase Winovich,5.5,J.C. Jackson,9.0
398,NWE,2021,9,9,0,10,Mac Jones,3801.0,Damien Harris,929.0,Jakobi Meyers,866.0,Matt Judon,12.5,J.C. Jackson,8.0
399,NWE,2022,9,8,0,8,Mac Jones,2997.0,Rhamondre Stevenson,1040.0,Jakobi Meyers,804.0,Matt Judon,15.5,Devin McCourty,4.0
400,NWE,2023,7,9,1,4,Mac Jones,2120.0,Ezekiel Elliott,642.0,Demario Douglas,561.0,Christian Barmore,8.5,Kyle Dugger,2.0
401,NWE,2024,9,8,0,4,Drake Maye,2276.0,Rhamondre Stevenson,801.0,Hunter Henry,674.0,Keion White,5.0,Christian Gonzalez,2.0
402,NOR,2005,6,10,0,3,Aaron Brooks,2882.0,Antowain Smith,659.0,Donte' Stallworth,945.0,Will Smith,8.5,Jason Craft,3.0
403,NOR,2006,10,7,1,10,Drew Brees,4418.0,Deuce McAllister,1057.0,Marques Colston,1038.0,Will Smith,10.5,Josh Bullocks,2.0
404,NOR,2007,7,9,0,7,Drew Brees,4423.0,Reggie Bush,581.0,Marques Colston,1202.0,Will Smith,7.0,Roman Harper,3.0
405,NOR,2008,7,8,1,8,Drew Brees,5069.0,Pierre Thomas,625.0,Lance Moore,928.0,Bobby McCray,6.0,Jason David,5.0
406,NOR,2009,11,8,0,13,Drew Brees,4388.0,Pierre Thomas,793.0,Marques Colston,1074.0,Will Smith,13.0,Darren Sharper,9.0
407,NOR,2010,7,9,1,11,Drew Brees,4620.0,Chris Ivory,716.0,Marques Colston,1023.0,Sedrick Ellis,6.0,Malcolm Jenkins,2.0
408,NOR,2011,11,7,0,13,Drew Brees,5476.0,Darren Sproles,603.0,Jimmy Graham,1310.0,Roman Harper,7.5,Patrick Robinson,4.0
409,NOR,2012,7,8,1,7,Drew Brees,5177.0,Mark Ingram,602.0,Marques Colston,1154.0,Cameron Jordan,8.0,Patrick Robinson,3.0
410,NOR,2013,10,8,0,11,Drew Brees,5162.0,Pierre Thomas,549.0,Jimmy Graham,1215.0,Cameron Jordan,12.5,Keenan Lewis,4.0
411,NOR,2014,5,10,1,7,Drew Brees,4952.0,Mark Ingram,964.0,Kenny Stills,931.0,Junior Galette,10.0,Keenan Lewis,2.0
412,NOR,2015,9,7,0,7,Drew Brees,4870.0,Mark Ingram,769.0,Brandin Cooks,1138.0,Cameron Jordan,10.0,Delvin Breaux,3.0
413,NOR,2016,5,11,0,7,Drew Brees,5208.0,Mark Ingram,1043.0,Brandin Cooks,1173.0,Cameron Jordan,7.5,Jairus Byrd,2.0
414,NOR,2017,11,7,0,11,Drew Brees,4334.0,Mark Ingram,1124.0,Michael Thomas,1245.0,Cameron Jordan,13.0,Marshon Lattimore,5.0
415,NOR,2018,9,8,1,13,Drew Brees,3992.0,Alvin Kamara,883.0,Michael Thomas,1405.0,Cameron Jordan,12.0,Marshon Lattimore,2.0
416,NOR,2019,10,7,0,13,Drew Brees,2979.0,Alvin Kamara,797.0,Michael Thomas,1725.0,Cameron Jordan,15.5,Marcus Williams,4.0
417,NOR,2020,10,8,0,12,Drew Brees,2942.0,Alvin Kamara,932.0,Alvin Kamara,756.0,Trey Hendrickson,13.5,Malcolm Jenkins,3.0
418,NOR,2021,8,9,0,9,Jameis Winston,1170.0,Alvin Kamara,898.0,Marquez Callaway,698.0,Cameron Jordan,12.5,Paulson Adebo,3.0
419,NOR,2022,11,6,0,7,Andy Dalton,2871.0,Alvin Kamara,897.0,Chris Olave,1042.0,Cameron Jordan,8.5,Tyrann Mathieu,3.0
420,NOR,2023,11,6,0,9,Derek Carr,3878.0,Alvin Kamara,694.0,Chris Olave,1123.0,Carl Granderson,8.5,Tyrann Mathieu,4.0
421,NOR,2024,8,9,0,5,Derek Carr,2145.0,Alvin Kamara,950.0,Juwan Johnson,548.0,Bryan Bresee,7.5,Tyrann Mathieu,3.0
422,NYG,2005,11,6,0,11,Eli Manning,3762.0,Tiki Barber,1860.0,Plaxico Burress,1214.0,Osi Umenyiora,14.5,Brent Alexander,4.0
423,NYG,2006,8,9,0,8,Eli Manning,3244.0,Tiki Barber,1662.0,Plaxico Burress,988.0,Osi Umenyiora,6.0,Will Demps,2.0
424,NYG,2007,5,14,1,10,Eli Manning,3336.0,Brandon Jacobs,1009.0,Plaxico Burress,1025.0,Osi Umenyiora,13.0,Sam Madison,4.0
425,NYG,2008,11,6,0,12,Eli Manning,3238.0,Brandon Jacobs,1089.0,Domenik Hixon,596.0,Justin Tuck,12.0,Corey Webster,3.0
426,NYG,2009,8,8,0,8,Eli Manning,4021.0,Brandon Jacobs,835.0,Steve Smith,1220.0,Osi Umenyiora,7.0,Terrell Thomas,5.0
427,NYG,2010,7,9,0,10,Eli Manning,4002.0,Ahmad Bradshaw,1235.0,Hakeem Nicks,1052.0,Justin Tuck,11.5,Terrell Thomas,5.0
428,NYG,2011,12,8,0,9,Eli Manning,4933.0,Ahmad Bradshaw,659.0,Victor Cruz,1536.0,Jason Pierre-Paul,16.5,Corey Webster,6.0
429,NYG,2012,11,5,0,9,Eli Manning,3948.0,Ahmad Bradshaw,1015.0,Victor Cruz,1092.0,Jason Pierre-Paul,6.5,Stevie Brown,8.0
430,NYG,2013,9,7,0,7,Eli Manning,3818.0,Andre Brown,492.0,Victor Cruz,998.0,Justin Tuck,11.0,Antrel Rolle,6.0
431,NYG,2014,7,9,0,6,Eli Manning,4410.0,Andre Williams,721.0,Odell Beckham Jr.,1305.0,Jason Pierre-Paul,12.5,Quintin Demps,4.0
432,NYG,2015,8,8,0,6,Eli Manning,4432.0,Rashad Jennings,863.0,Odell Beckham Jr.,1450.0,Robert Ayers,9.0,Dominique Rodgers-Cromartie,3.0
433,NYG,2016,7,10,0,11,Eli Manning,4027.0,Rashad Jennings,593.0,Odell Beckham Jr.,1367.0,Olivier Vernon,8.5,Dominique Rodgers-Cromartie,6.0
434,NYG,2017,8,8,0,3,Eli Manning,3468.0,Orleans Darkwa,751.0,Sterling Shepard,731.0,Jason Pierre-Paul,8.5,Ross Cockrell,3.0
435,NYG,2018,9,7,0,5,Eli Manning,4299.0,Saquon Barkley,1307.0,Odell Beckham Jr.,1052.0,Olivier Vernon,7.0,Alec Ogletree,5.0
436,NYG,2019,8,8,0,4,Daniel Jones,3027.0,Saquon Barkley,1003.0,Darius Slayton,740.0,Markus Golden,10.0,Jackrabbit Jenkins,4.0
437,NYG,2020,6,10,0,6,Daniel Jones,2943.0,Wayne Gallman,682.0,Darius Slayton,751.0,Leonard Williams,11.5,James Bradberry,3.0
438,NYG,2021,4,13,0,4,Daniel Jones,2428.0,Saquon Barkley,593.0,Kenny Golladay,521.0,Azeez Ojulari,8.0,Xavier McKinney,5.0
439,NYG,2022,9,10,0,9,Daniel Jones,3205.0,Saquon Barkley,1312.0,Darius Slayton,724.0,Dexter Lawrence,7.5,Julian Love,2.0
440,NYG,2023,8,9,0,6,Tyrod Taylor,1341.0,Saquon Barkley,962.0,Darius Slayton,770.0,Kayvon Thibodeaux,11.5,Xavier McKinney,3.0
441,NYG,2024,9,8,0,3,Daniel Jones,2070.0,Tyrone Tracy Jr.,839.0,Malik Nabers,1204.0,Dexter Lawrence,9.0,Dane Belton,1.0
442,NYJ,2005,6,10,0,4,Brooks Bollinger,1558.0,Curtis Martin,735.0,Laveranues Coles,845.0,John Abraham,10.5,Ty Law,10.0
443,NYJ,2006,10,6,1,10,Chad Pennington,3352.0,Leon Washington,650.0,Laveranues Coles,1098.0,Bryan Thomas,8.5,Kerry Rhodes,4.0
444,NYJ,2007,8,7,1,4,Chad Pennington,1765.0,Thomas Jones,1119.0,Jerricho Cotchery,1130.0,Shaun Ellis,5.0,Kerry Rhodes,5.0
445,NYJ,2008,10,5,1,9,Brett Favre,3472.0,Thomas Jones,1312.0,Jerricho Cotchery,858.0,Shaun Ellis,8.0,Darrelle Revis,5.0
446,NYJ,2009,10,9,0,9,Mark Sanchez,2444.0,Thomas Jones,1402.0,Jerricho Cotchery,821.0,Calvin Pace,8.0,Darrelle Revis,6.0
447,NYJ,2010,7,11,1,11,Mark Sanchez,3291.0,LaDainian Tomlinson,914.0,Braylon Edwards,904.0,Bryan Thomas,6.0,Antonio Cromartie,3.0
448,NYJ,2011,7,9,0,8,Mark Sanchez,3474.0,Shonn Greene,1054.0,Dustin Keller,815.0,Aaron Maybin,6.0,Antonio Cromartie,4.0
449,NYJ,2012,6,10,0,6,Mark Sanchez,2883.0,Shonn Greene,1063.0,Jeremy Kerley,827.0,Quinton Coples,5.5,Antonio Cromartie,3.0
450,NYJ,2013,7,8,1,8,Geno Smith,3046.0,Chris Ivory,833.0,Jeremy Kerley,523.0,Muhammad Wilkerson,10.5,Antonio Cromartie,3.0
451,NYJ,2014,6,10,0,4,Geno Smith,2525.0,Chris Ivory,821.0,Eric Decker,962.0,Sheldon Richardson,8.0,Darrin Walls,2.0
452,NYJ,2015,9,7,0,10,Ryan Fitzpatrick,3905.0,Chris Ivory,1070.0,Brandon Marshall,1502.0,Muhammad Wilkerson,12.0,Marcus Williams,6.0
453,NYJ,2016,7,9,0,5,Ryan Fitzpatrick,2710.0,Matt Forte,813.0,Quincy Enunwa,857.0,Leonard Williams,7.0,Marcus Gilchrist,2.0
454,NYJ,2017,6,9,1,5,Josh McCown,2926.0,Bilal Powell,772.0,Robbie Chosen,941.0,Demario Davis,5.0,Marcus Maye,2.0
455,NYJ,2018,7,9,0,4,Sam Darnold,2865.0,Isaiah Crowell,685.0,Robbie Chosen,752.0,Jordan Jenkins,7.0,Trumaine Johnson,4.0
456,NYJ,2019,7,9,0,7,Sam Darnold,3024.0,Le'Veon Bell,789.0,Jamison Crowder,833.0,Jordan Jenkins,8.0,Neville Hewitt,2.0
457,NYJ,2020,6,10,0,2,Sam Darnold,2208.0,Frank Gore,653.0,Jamison Crowder,699.0,Quinnen Williams,7.0,Pierre Desir,3.0
458,NYJ,2021,10,7,0,4,Zach Wilson,2334.0,Michael Carter,639.0,Elijah Moore,538.0,John Franklin-Myers,6.0,Brandin Echols,2.0
459,NYJ,2022,8,9,0,7,Zach Wilson,1688.0,Breece Hall,463.0,Garrett Wilson,1103.0,Quinnen Williams,12.0,Lamarcus Joyner,3.0
460,NYJ,2023,10,7,0,7,Zach Wilson,2271.0,Breece Hall,994.0,Garrett Wilson,1042.0,Bryce Huff,10.0,Jordan Whitehead,4.0
461,NYJ,2024,8,9,0,5,Aaron Rodgers,3897.0,Breece Hall,876.0,Garrett Wilson,1104.0,Will McDonald,10.5,Brandin Echols,2.0
462,OAK,2005,8,8,0,4,Kerry Collins,3759.0,LaMont Jordan,1025.0,Randy Moss,1005.0,Derrick Burgess,16.0,Stuart Schweigert,2.0
463,OAK,2006,7,9,0,2,Andrew Walter,1677.0,Justin Fargas,659.0,Ronald Curry,727.0,Derrick Burgess,11.0,Nnamdi Asomugha,8.0
464,OAK,2007,9,7,0,4,Daunte Culpepper,1331.0,Justin Fargas,1009.0,Ronald Curry,717.0,Chris Clemons,8.0,Thomas Howard,6.0
465,OAK,2008,9,6,1,5,JaMarcus Russell,2423.0,Justin Fargas,853.0,Zach Miller,778.0,Trevor Scott,5.0,DeAngelo Hall,3.0
466,OAK,2009,9,7,0,5,JaMarcus Russell,1287.0,Michael Bush,589.0,Zach Miller,805.0,Trevor Scott,7.0,Michael Huff,3.0
467,OAK,2010,6,10,0,8,Jason Campbell,2387.0,Darren McFadden,1157.0,Zach Miller,685.0,Kamerion Wimbley,9.0,Michael Huff,3.0
468,OAK,2011,7,7,2,8,Carson Palmer,2753.0,Michael Bush,977.0,Darrius Heyward-Bey,975.0,Tommy Kelly,7.5,Matt Giordano,5.0
469,OAK,2012,9,7,0,4,Carson Palmer,4018.0,Darren McFadden,707.0,Brandon Myers,806.0,Lamarr Houston,4.5,Michael Huff,2.0
470,OAK,2013,6,10,0,4,Terrelle Pryor,1798.0,Rashad Jennings,733.0,Rod Streater,888.0,Lamarr Houston,6.0,Tracy Porter,2.0
471,OAK,2014,8,8,0,3,Derek Carr,3270.0,Darren McFadden,534.0,Andre Holmes,693.0,Justin Tuck,5.0,Charles Woodson,4.0
472,OAK,2015,9,7,0,7,Derek Carr,3987.0,Latavius Murray,1066.0,Amari Cooper,1070.0,Khalil Mack,15.0,Charles Woodson,5.0
473,OAK,2016,6,11,0,12,Derek Carr,3937.0,Latavius Murray,788.0,Amari Cooper,1153.0,Khalil Mack,11.0,Reggie Nelson,5.0
474,OAK,2017,8,8,0,6,Derek Carr,3496.0,Marshawn Lynch,891.0,Jared Cook,688.0,Khalil Mack,10.5,Sean Smith,2.0
475,OAK,2018,7,9,0,4,Derek Carr,4049.0,Doug Martin,723.0,Jared Cook,896.0,Maurice Hurst Jr.,4.0,Marcus Gilchrist,3.0
476,OAK,2019,7,9,0,7,Derek Carr,4054.0,Josh Jacobs,1150.0,Darren Waller,1145.0,Maxx Crosby,10.0,Erik Harris,3.0
477,PHI,2005,12,4,0,6,Donovan McNabb,2507.0,Brian Westbrook,617.0,Terrell Owens,763.0,Jevon Kearse,7.5,Sheldon Brown,4.0
478,PHI,2006,8,8,2,10,Donovan McNabb,2647.0,Brian Westbrook,1217.0,Reggie Brown,816.0,Trent Cole,8.0,Lito Sheppard,6.0
479,PHI,2007,7,7,2,8,Donovan McNabb,3324.0,Brian Westbrook,1333.0,Kevin Curtis,1110.0,Trent Cole,12.5,Sheldon Brown,3.0
480,PHI,2008,11,8,0,9,Donovan McNabb,3916.0,Brian Westbrook,936.0,DeSean Jackson,912.0,Darren Howard,10.0,Asante Samuel,4.0
481,PHI,2009,7,10,0,11,Donovan McNabb,3553.0,LeSean McCoy,637.0,DeSean Jackson,1156.0,Trent Cole,12.5,Asante Samuel,9.0
482,PHI,2010,9,6,2,10,Michael Vick,3018.0,LeSean McCoy,1080.0,DeSean Jackson,1056.0,Trent Cole,10.0,Asante Samuel,7.0
483,PHI,2011,12,4,0,8,Michael Vick,3303.0,LeSean McCoy,1309.0,DeSean Jackson,961.0,Jason Babin,18.0,Kurt Coleman,4.0
484,PHI,2012,9,7,0,4,Michael Vick,2362.0,LeSean McCoy,840.0,Jeremy Maclin,857.0,Jason Babin,5.5,Dominique Rodgers-Cromartie,3.0
485,PHI,2013,8,9,0,10,Nick Foles,2891.0,LeSean McCoy,1607.0,DeSean Jackson,1332.0,Trent Cole,8.0,Brandon Boykin,6.0
486,PHI,2014,8,7,1,10,Mark Sanchez,2418.0,LeSean McCoy,1319.0,Jeremy Maclin,1318.0,Connor Barwin,14.5,Nate Allen,4.0
487,PHI,2015,7,8,1,7,Sam Bradford,3725.0,DeMarco Murray,702.0,Jordan Matthews,997.0,Fletcher Cox,9.5,Walter Thurmond,3.0
488,PHI,2016,7,9,0,7,Carson Wentz,3782.0,Ryan Mathews,661.0,Zach Ertz,816.0,Fletcher Cox,6.5,Jordan Hicks,5.0
489,PHI,2017,13,6,0,13,Carson Wentz,3296.0,LeGarrette Blount,766.0,Zach Ertz,824.0,Brandon Graham,9.5,Patrick Robinson,4.0
490,PHI,2018,9,8,1,9,Carson Wentz,3074.0,Josh Adams,511.0,Zach Ertz,1163.0,Fletcher Cox,10.5,Rasul Douglas,3.0
491,PHI,2019,10,7,0,9,Carson Wentz,4039.0,Miles Sanders,818.0,Zach Ertz,916.0,Brandon Graham,8.5,Rodney McLeod,2.0
492,PHI,2020,10,6,0,4,Carson Wentz,2620.0,Miles Sanders,867.0,Travis Fulgham,539.0,Brandon Graham,8.0,Marcus Epps,2.0
493,PHI,2021,13,5,0,9,Jalen Hurts,3144.0,Miles Sanders,754.0,DeVonta Smith,916.0,Javon Hargrave,7.5,Darius Slay,3.0
494,PHI,2022,9,10,1,14,Jalen Hurts,3701.0,Miles Sanders,1269.0,A.J. Brown,1496.0,Haason Reddick,16.0,C.J. Gardner-Johnson,6.0
495,PHI,2023,11,7,0,11,Jalen Hurts,3858.0,D'Andre Swift,1049.0,A.J. Brown,1456.0,Haason Reddick,11.0,Reed Blankenship,3.0
496,PHI,2024,16,5,0,14,Jalen Hurts,2903.0,Saquon Barkley,2005.0,A.J. Brown,1079.0,Josh Sweat,8.0,C.J. Gardner-Johnson,6.0
497,PIT,2005,8,11,1,11,Ben Roethlisberger,2385.0,Willie Parker,1202.0,Hines Ward,975.0,Joey Porter,10.5,Chris Hope,3.0
498,PIT,2006,7,7,2,8,Ben Roethlisberger,3513.0,Willie Parker,1494.0,Hines Ward,975.0,Joey Porter,7.0,Bryant McFadden,3.0
499,PIT,2007,10,7,0,10,Ben Roethlisberger,3154.0,Willie Parker,1316.0,Santonio Holmes,942.0,James Harrison,8.5,Ike Taylor,3.0
500,PIT,2008,11,7,1,12,Ben Roethlisberger,3301.0,Willie Parker,791.0,Hines Ward,1043.0,James Harrison,16.0,Troy Polamalu,7.0
501,PIT,2009,8,7,1,9,Ben Roethlisberger,4328.0,Rashard Mendenhall,1108.0,Santonio Holmes,1248.0,LaMarr Woodley,13.5,Ryan Clark,3.0
502,PIT,2010,7,11,1,12,Ben Roethlisberger,3200.0,Rashard Mendenhall,1273.0,Mike Wallace,1257.0,James Harrison,10.5,Troy Polamalu,7.0
503,PIT,2011,7,10,0,12,Ben Roethlisberger,4077.0,Rashard Mendenhall,928.0,Mike Wallace,1193.0,James Harrison,9.0,Troy Polamalu,2.0
504,PIT,2012,11,5,0,8,Ben Roethlisberger,3265.0,Jonathan Dwyer,623.0,Mike Wallace,836.0,Lawrence Timmons,6.0,Lawrence Timmons,3.0
505,PIT,2013,8,8,0,8,Ben Roethlisberger,4261.0,Le'Veon Bell,860.0,Antonio Brown,1499.0,Jason Worilds,8.0,Ryan Clark,2.0
506,PIT,2014,10,7,0,11,Ben Roethlisberger,4952.0,Le'Veon Bell,1361.0,Antonio Brown,1698.0,Cameron Heyward,7.5,William Gay,3.0
507,PIT,2015,8,10,0,10,Ben Roethlisberger,3938.0,DeAngelo Williams,907.0,Antonio Brown,1834.0,Cameron Heyward,7.0,Mike Mitchell,3.0
508,PIT,2016,11,8,0,11,Ben Roethlisberger,3819.0,Le'Veon Bell,1268.0,Antonio Brown,1284.0,James Harrison,5.0,Artie Burns,3.0
509,PIT,2017,9,8,0,13,Ben Roethlisberger,4251.0,Le'Veon Bell,1291.0,Antonio Brown,1533.0,Cameron Heyward,12.0,Sean Davis,3.0
510,PIT,2018,7,8,1,9,Ben Roethlisberger,5129.0,James Conner,973.0,JuJu Smith-Schuster,1426.0,T.J. Watt,13.0,Joe Haden,2.0
511,PIT,2019,8,8,0,8,Mason Rudolph,1765.0,James Conner,464.0,James Washington,735.0,T.J. Watt,14.5,Joe Haden,5.0
512,PIT,2020,7,8,2,12,Ben Roethlisberger,3803.0,James Conner,721.0,Diontae Johnson,923.0,T.J. Watt,15.0,Minkah Fitzpatrick,4.0
513,PIT,2021,7,10,1,9,Ben Roethlisberger,3740.0,Najee Harris,1200.0,Diontae Johnson,1161.0,T.J. Watt,22.5,Ahkello Witherspoon,3.0
514,PIT,2022,9,7,1,9,Kenny Pickett,2404.0,Najee Harris,1034.0,Diontae Johnson,882.0,Alex Highsmith,14.5,Minkah Fitzpatrick,6.0
515,PIT,2023,9,9,0,10,Kenny Pickett,2070.0,Najee Harris,1035.0,George Pickens,1140.0,T.J. Watt,19.0,Alex Highsmith,2.0
516,PIT,2024,10,8,0,10,Russell Wilson,2482.0,Najee Harris,1043.0,George Pickens,900.0,T.J. Watt,11.5,Donte Jackson,5.0
517,SDG,2005,6,10,0,9,Drew Brees,3576.0,LaDainian Tomlinson,1462.0,Antonio Gates,1101.0,Shawne Merriman,10.0,Bhawoh Jue,3.0
518,SDG,2006,6,11,0,14,Philip Rivers,3388.0,LaDainian Tomlinson,1815.0,Antonio Gates,924.0,Shawne Merriman,17.0,Quentin Jammer,4.0
519,SDG,2007,4,15,0,11,Philip Rivers,3152.0,LaDainian Tomlinson,1474.0,Antonio Gates,984.0,Shawne Merriman,12.5,Antonio Cromartie,10.0
520,SDG,2008,7,11,0,8,Philip Rivers,4009.0,LaDainian Tomlinson,1110.0,Vincent Jackson,1098.0,Shaun Phillips,7.5,Stephen Cooper,4.0
521,SDG,2009,6,10,1,13,Philip Rivers,4254.0,LaDainian Tomlinson,730.0,Vincent Jackson,1167.0,Shaun Phillips,7.0,Antonio Cromartie,3.0
522,SDG,2010,7,9,0,9,Philip Rivers,4710.0,Mike Tolbert,735.0,Antonio Gates,782.0,Shaun Phillips,11.0,Antoine Cason,4.0
523,SDG,2011,7,8,1,8,Philip Rivers,4624.0,Ryan Mathews,1091.0,Vincent Jackson,1106.0,Antwan Barnes,11.0,Eric Weddle,7.0
524,SDG,2012,8,8,0,7,Philip Rivers,3606.0,Ryan Mathews,707.0,Malcom Floyd,814.0,Shaun Phillips,9.5,Quentin Jammer,3.0
525,SDG,2013,8,9,1,9,Philip Rivers,4478.0,Ryan Mathews,1255.0,Keenan Allen,1046.0,Corey Liuget,5.5,Marcus Gilchrist,2.0
526,SDG,2014,7,9,0,9,Philip Rivers,4286.0,Branden Oliver,582.0,Malcom Floyd,856.0,Corey Liuget,4.5,Brandon Flowers,3.0
527,SDG,2015,7,9,0,4,Philip Rivers,4792.0,Melvin Gordon,641.0,Danny Woodhead,755.0,Melvin Ingram,10.5,Jason Verrett,3.0
528,SDG,2016,5,11,0,5,Philip Rivers,4386.0,Melvin Gordon,997.0,Tyrell Williams,1059.0,Joey Bosa,10.5,Casey Hayward,7.0
529,SEA,2005,11,8,0,13,Matt Hasselbeck,3459.0,Shaun Alexander,1880.0,Bobby Engram,778.0,Bryce Fisher,9.0,Michael Boulware,4.0
530,SEA,2006,10,7,1,9,Matt Hasselbeck,2442.0,Shaun Alexander,896.0,Darrell Jackson,956.0,Julian Peterson,10.0,Ken Hamlin,3.0
531,SEA,2007,11,7,0,10,Matt Hasselbeck,3966.0,Shaun Alexander,716.0,Bobby Engram,1147.0,Patrick Kerney,14.5,Marcus Trufant,7.0
532,SEA,2008,7,9,0,4,Seneca Wallace,1532.0,Julius Jones,698.0,John Carlson,627.0,Brandon Mebane,5.5,Josh Wilson,4.0
533,SEA,2009,5,11,0,5,Matt Hasselbeck,3029.0,Julius Jones,663.0,T.J. Houshmandzadeh,911.0,Patrick Kerney,5.0,Deon Grant,3.0
534,SEA,2010,9,9,0,7,Matt Hasselbeck,3001.0,Marshawn Lynch,573.0,Mike Williams,751.0,Chris Clemons,11.0,Earl Thomas,5.0
535,SEA,2011,7,8,1,7,Tarvaris Jackson,3091.0,Marshawn Lynch,1204.0,Doug Baldwin,788.0,Chris Clemons,11.0,Brandon Browner,6.0
536,SEA,2012,11,6,1,11,Russell Wilson,3118.0,Marshawn Lynch,1590.0,Sidney Rice,748.0,Chris Clemons,11.5,Richard Sherman,8.0
537,SEA,2013,12,7,0,13,Russell Wilson,3357.0,Marshawn Lynch,1257.0,Golden Tate,898.0,Michael Bennett,8.5,Richard Sherman,8.0
538,SEA,2014,14,5,0,12,Russell Wilson,3475.0,Marshawn Lynch,1306.0,Doug Baldwin,825.0,Michael Bennett,7.0,Richard Sherman,4.0
539,SEA,2015,8,10,0,10,Russell Wilson,4024.0,Thomas Rawls,830.0,Doug Baldwin,1069.0,Michael Bennett,10.0,Earl Thomas,5.0
540,SEA,2016,13,5,0,10,Russell Wilson,4219.0,Christine Michael,469.0,Doug Baldwin,1128.0,Cliff Avril,11.5,Richard Sherman,4.0
541,SEA,2017,8,8,0,9,Russell Wilson,3983.0,Mike Davis,240.0,Doug Baldwin,991.0,Frank Clark,9.0,Bobby Wagner,2.0
542,SEA,2018,7,9,1,10,Russell Wilson,3448.0,Chris Carson,1151.0,Tyler Lockett,965.0,Frank Clark,13.0,Bradley McDougald,3.0
543,SEA,2019,7,11,0,11,Russell Wilson,4110.0,Chris Carson,1230.0,Tyler Lockett,1057.0,Rasheem Green,4.0,K.J. Wright,3.0
544,SEA,2020,9,8,0,12,Russell Wilson,4212.0,Chris Carson,681.0,D.K. Metcalf,1303.0,Jamal Adams,9.5,Quandre Diggs,5.0
545,SEA,2021,10,7,0,7,Russell Wilson,3113.0,Rashaad Penny,749.0,Tyler Lockett,1175.0,Carlos Dunlap,8.5,Quandre Diggs,5.0
546,SEA,2022,6,12,0,9,Geno Smith,4282.0,Kenneth Walker III,1050.0,D.K. Metcalf,1048.0,Uchenna Nwosu,9.5,Riq Woolen,6.0
547,SEA,2023,7,10,0,9,Geno Smith,3624.0,Kenneth Walker III,905.0,D.K. Metcalf,1114.0,Boye Mafe,9.0,Julian Love,4.0
548,SEA,2024,10,7,0,10,Geno Smith,4320.0,Kenneth Walker III,573.0,Jaxon Smith-Njigba,1130.0,Leonard Williams,11.0,Julian Love,3.0
549,SFO,2005,8,8,0,4,Alex Smith,875.0,Frank Gore,608.0,Brandon Lloyd,733.0,Bryant Young,8.0,Shawntae Spencer,4.0
550,SFO,2006,3,11,2,7,Alex Smith,2890.0,Frank Gore,1695.0,Antonio Bryant,733.0,Brandon Moore,6.5,Walt Harris,8.0
551,SFO,2007,8,8,0,5,Trent Dilfer,1166.0,Frank Gore,1102.0,Arnaz Battle,600.0,Bryant Young,6.5,Nate Clements,4.0
552,SFO,2008,7,9,0,7,Shaun Hill,2046.0,Frank Gore,1036.0,Isaac Bruce,835.0,Parys Haralson,8.0,Walt Harris,3.0
553,SFO,2009,6,10,0,8,Alex Smith,2350.0,Frank Gore,1120.0,Vernon Davis,965.0,Manny Lawson,6.5,Dashon Goldson,4.0
554,SFO,2010,11,4,1,6,Alex Smith,2370.0,Frank Gore,853.0,Vernon Davis,914.0,Justin Smith,8.5,Nate Clements,3.0
555,SFO,2011,10,8,0,13,Alex Smith,3144.0,Frank Gore,1211.0,Michael Crabtree,874.0,Aldon Smith,14.0,Carlos Rogers,6.0
556,SFO,2012,12,7,0,11,Colin Kaepernick,1814.0,Frank Gore,1214.0,Michael Crabtree,1105.0,Aldon Smith,19.5,Dashon Goldson,3.0
557,SFO,2013,7,11,1,12,Colin Kaepernick,3197.0,Frank Gore,1128.0,Anquan Boldin,1179.0,Ahmad Brooks,8.5,Tramaine Brock,5.0
558,SFO,2014,7,9,0,8,Colin Kaepernick,3369.0,Frank Gore,1106.0,Anquan Boldin,1062.0,Aaron Lynch,6.0,Perrish Cox,5.0
559,SFO,2015,6,9,1,5,Blaine Gabbert,2031.0,Carlos Hyde,470.0,Anquan Boldin,789.0,Ahmad Brooks,6.5,Tramaine Brock,3.0
560,SFO,2016,6,10,0,2,Colin Kaepernick,2241.0,Carlos Hyde,988.0,Jeremy Kerley,667.0,Ahmad Brooks,6.0,Gerald Hodges,2.0
561,SFO,2017,7,9,0,6,Jimmy Garoppolo,1560.0,Carlos Hyde,938.0,Marquise Goodwin,962.0,Elvis Dumervil,6.5,Ray-Ray Armstrong,2.0
562,SFO,2018,4,12,0,4,Nick Mullens,2277.0,Matt Breida,814.0,George Kittle,1377.0,DeForest Buckner,12.0,Antone Exum,1.0
563,SFO,2019,14,5,0,13,Jimmy Garoppolo,3978.0,Raheem Mostert,772.0,George Kittle,1053.0,Arik Armstead,10.0,Richard Sherman,3.0
564,SFO,2020,7,9,0,6,Nick Mullens,2437.0,Jeff Wilson,600.0,Brandon Aiyuk,748.0,Kerry Hyder,8.5,Fred Warner,2.0
565,SFO,2021,6,14,0,10,Jimmy Garoppolo,3810.0,Elijah Mitchell,963.0,Deebo Samuel,1405.0,Nick Bosa,15.5,Jimmie Ward,2.0
566,SFO,2022,14,6,0,13,Jimmy Garoppolo,2437.0,Christian McCaffrey,746.0,Brandon Aiyuk,1015.0,Nick Bosa,18.5,Tashaun Gipson,5.0
567,SFO,2023,9,11,0,12,Brock Purdy,4280.0,Christian McCaffrey,1459.0,Brandon Aiyuk,1342.0,Nick Bosa,10.5,Charvarius Ward,5.0
568,SFO,2024,9,8,0,6,Brock Purdy,3864.0,Jordan Mason,789.0,George Kittle,1106.0,Nick Bosa,9.0,Fred Warner,2.0
569,STL,2005,6,9,1,6,Marc Bulger,2297.0,Steven Jackson,1046.0,Torry Holt,1331.0,Leonard Little,9.5,Mike Furrey,4.0
570,STL,2006,7,9,0,8,Marc Bulger,4301.0,Steven Jackson,1528.0,Torry Holt,1188.0,Leonard Little,13.0,O.J. Atogwe,3.0
571,STL,2007,7,9,0,3,Marc Bulger,2392.0,Steven Jackson,1002.0,Torry Holt,1189.0,Will Witherspoon,7.0,O.J. Atogwe,8.0
572,STL,2008,7,9,0,2,Marc Bulger,2720.0,Steven Jackson,1042.0,Torry Holt,796.0,James Hall,6.5,O.J. Atogwe,5.0
573,STL,2009,9,7,0,1,Marc Bulger,1469.0,Steven Jackson,1416.0,Donnie Avery,589.0,Leonard Little,6.5,James Butler,3.0
574,STL,2010,5,10,1,7,Sam Bradford,3512.0,Steven Jackson,1241.0,Danny Amendola,689.0,James Hall,10.5,Bradley Fletcher,4.0
575,STL,2011,8,8,0,2,Sam Bradford,2164.0,Steven Jackson,1145.0,Brandon Lloyd,683.0,Chris Long,13.0,Josh Gordy,3.0
576,STL,2012,8,7,1,7,Sam Bradford,3702.0,Steven Jackson,1045.0,Chris Givens,698.0,Chris Long,11.5,Jackrabbit Jenkins,4.0
577,STL,2013,6,10,0,7,Sam Bradford,1687.0,Zac Stacy,973.0,Jared Cook,671.0,Robert Quinn,19.0,Trumaine Johnson,3.0
578,STL,2014,6,10,0,6,Austin Davis,2001.0,Tre Mason,765.0,Kenny Britt,748.0,Robert Quinn,10.5,Trumaine Johnson,3.0
579,STL,2015,5,10,1,7,Nick Foles,2052.0,Todd Gurley,1106.0,Kenny Britt,681.0,Aaron Donald,11.0,Trumaine Johnson,7.0
580,TAM,2005,8,7,2,11,Chris Simms,2035.0,Cadillac Williams,1178.0,Joey Galloway,1287.0,Simeon Rice,14.0,Ronde Barber,5.0
581,TAM,2006,6,10,0,4,Bruce Gradkowski,1661.0,Cadillac Williams,798.0,Joey Galloway,1057.0,Greg Spires,5.0,Ronde Barber,3.0
582,TAM,2007,10,7,0,9,Jeff Garcia,2440.0,Earnest Graham,898.0,Joey Galloway,1014.0,Stylez G. White,8.0,Jermaine Phillips,4.0
583,TAM,2008,7,8,1,9,Jeff Garcia,2712.0,Warrick Dunn,786.0,Antonio Bryant,1248.0,Gaines Adams,6.5,Ronde Barber,4.0
584,TAM,2009,8,8,0,3,Josh Freeman,1855.0,Cadillac Williams,823.0,Kellen Winslow,884.0,Stylez G. White,6.5,Aqib Talib,5.0
585,TAM,2010,11,4,1,10,Josh Freeman,3451.0,LeGarrette Blount,1007.0,Mike Williams,964.0,Stylez G. White,4.5,Aqib Talib,6.0
586,TAM,2011,9,7,0,4,Josh Freeman,3592.0,LeGarrette Blount,781.0,Mike Williams,771.0,Adrian Clayborn,7.5,Ronde Barber,3.0
587,TAM,2012,7,8,1,7,Josh Freeman,4065.0,Doug Martin,1454.0,Vincent Jackson,1384.0,Michael Bennett,9.0,Ronde Barber,4.0
588,TAM,2013,7,9,0,4,Mike Glennon,2608.0,Bobby Rainey,532.0,Vincent Jackson,1224.0,Gerald McCoy,9.5,Lavonte David,5.0
589,TAM,2014,6,10,0,2,Josh McCown,2206.0,Doug Martin,494.0,Mike Evans,1051.0,Gerald McCoy,8.5,Johnthan Banks,4.0
590,TAM,2015,5,11,0,6,Jameis Winston,4042.0,Doug Martin,1402.0,Mike Evans,1206.0,Gerald McCoy,8.5,Lavonte David,3.0
591,TAM,2016,6,10,0,9,Jameis Winston,4090.0,Jacquizz Rodgers,560.0,Mike Evans,1321.0,Gerald McCoy,7.0,Brent Grimes,4.0
592,TAM,2017,8,8,0,5,Jameis Winston,3504.0,Peyton Barber,423.0,Mike Evans,1001.0,Gerald McCoy,6.0,Justin Evans,3.0
593,TAM,2018,5,11,0,5,Jameis Winston,2992.0,Peyton Barber,871.0,Mike Evans,1524.0,Jason Pierre-Paul,12.5,Andrew Adams,4.0
594,TAM,2019,8,8,0,7,Jameis Winston,5109.0,Ronald Jones II,724.0,Chris Godwin,1333.0,Shaquil Barrett,19.5,Sean Murphy-Bunting,3.0
595,TAM,2020,8,12,0,11,Tom Brady,4633.0,Ronald Jones II,978.0,Mike Evans,1006.0,Jason Pierre-Paul,9.5,Carlton Davis,4.0
596,TAM,2021,11,6,2,13,Tom Brady,5316.0,Leonard Fournette,812.0,Chris Godwin,1103.0,Shaquil Barrett,10.0,Mike Edwards,3.0
597,TAM,2022,9,9,0,8,Tom Brady,4694.0,Leonard Fournette,668.0,Mike Evans,1124.0,Vita Vea,6.5,Jamel Dean,2.0
598,TAM,2023,8,10,1,9,Baker Mayfield,4044.0,Rachaad White,990.0,Mike Evans,1255.0,YaYa Diaby,7.5,Antoine Winfield Jr.,3.0
599,TAM,2024,8,9,1,10,Baker Mayfield,4500.0,Bucky Irving,1122.0,Mike Evans,1004.0,Calijah Kancey,7.5,Zyon McCollum,2.0
600,TEN,2005,8,8,0,4,Steve McNair,3161.0,Chris Brown,851.0,Drew Bennett,738.0,Kyle Vanden Bosch,12.5,Reynaldo Hill,3.0
601,TEN,2006,8,8,0,8,Vince Young,2199.0,Travis Henry,1211.0,Drew Bennett,737.0,Kyle Vanden Bosch,6.5,Chris Hope,5.0
602,TEN,2007,11,5,1,10,Vince Young,2546.0,LenDale White,1110.0,Justin Gage,750.0,Kyle Vanden Bosch,12.0,Keith Bulluck,5.0
603,TEN,2008,7,9,1,13,Kerry Collins,2676.0,Chris Johnson,1228.0,Justin Gage,651.0,Albert Haynesworth,8.5,Michael Griffin,7.0
604,TEN,2009,9,7,0,8,Vince Young,1879.0,Chris Johnson,2006.0,Kenny Britt,701.0,Jacob Ford,5.5,Cortland Finnegan,5.0
605,TEN,2010,8,7,1,6,Kerry Collins,1823.0,Chris Johnson,1364.0,Kenny Britt,775.0,Jason Babin,12.5,Michael Griffin,4.0
606,TEN,2011,10,6,0,9,Matt Hasselbeck,3571.0,Chris Johnson,1047.0,Nate Washington,1023.0,Karl Klug,7.0,Michael Griffin,2.0
607,TEN,2012,10,6,0,6,Jake Locker,2176.0,Chris Johnson,1243.0,Nate Washington,746.0,Derrick Morgan,6.5,Michael Griffin,4.0
608,TEN,2013,9,7,0,7,Ryan Fitzpatrick,2454.0,Chris Johnson,1077.0,Kendall Wright,1079.0,Jurrell Casey,10.5,Alterraun Verner,5.0
609,TEN,2014,8,8,0,2,Zach Mettenberger,1412.0,Bishop Sankey,569.0,Delanie Walker,890.0,Derrick Morgan,6.5,Jason McCourty,3.0
610,TEN,2015,9,7,0,3,Marcus Mariota,2818.0,Antonio Andrews,520.0,Delanie Walker,1088.0,Jurrell Casey,7.0,Coty Sensabaugh,2.0
611,TEN,2016,9,7,0,9,Marcus Mariota,3426.0,DeMarco Murray,1287.0,Rishard Matthews,945.0,Brian Orakpo,10.5,Perrish Cox,3.0
612,TEN,2017,10,8,0,9,Marcus Mariota,3232.0,Derrick Henry,744.0,Delanie Walker,807.0,Derrick Morgan,7.5,Kevin Byard,8.0
613,TEN,2018,8,7,1,9,Marcus Mariota,2528.0,Derrick Henry,1059.0,Corey Davis,891.0,Jurrell Casey,7.0,Kevin Byard,4.0
614,TEN,2019,11,7,1,9,Ryan Tannehill,2742.0,Derrick Henry,1540.0,A.J. Brown,1051.0,Harold Landry,9.0,Kevin Byard,5.0
615,TEN,2020,7,9,1,11,Ryan Tannehill,3819.0,Derrick Henry,2027.0,A.J. Brown,1075.0,Harold Landry,5.5,Malcolm Butler,4.0
616,TEN,2021,9,8,1,12,Ryan Tannehill,3734.0,Derrick Henry,937.0,A.J. Brown,869.0,Harold Landry,12.0,Kevin Byard,5.0
617,TEN,2022,7,9,1,7,Ryan Tannehill,2536.0,Derrick Henry,1538.0,Robert Woods,527.0,Denico Autry,8.0,Kevin Byard,4.0
618,TEN,2023,5,11,1,6,Will Levis,1808.0,Derrick Henry,1167.0,DeAndre Hopkins,1057.0,Denico Autry,11.5,Sean Murphy-Bunting,2.0
619,TEN,2024,5,12,0,3,Will Levis,2091.0,Tony Pollard,1079.0,Calvin Ridley,1017.0,Harold Landry,9.0,Amani Hooker,5.0
620,WAS,2022,6,10,1,8,Taylor Heinicke,1859.0,Brian Robinson Jr.,797.0,Terry McLaurin,1191.0,Daron Payne,11.5,Darrick Forrest,4.0
621,WAS,2023,8,8,1,4,Sam Howell,3946.0,Brian Robinson Jr.,733.0,Terry McLaurin,1002.0,Montez Sweat,6.5,Quan Martin,2.0
622,WAS,2024,11,8,1,12,Jayden Daniels,3568.0,Brian Robinson Jr.,799.0,Terry McLaurin,1096.0,Dante Fowler,10.5,Mike Sainristil,2.0
623,WAS,2020,8,8,1,7,Alex Smith,1582.0,Antonio Gibson,795.0,Terry McLaurin,1118.0,Montez Sweat,9.0,Kendall Fuller,4.0
624,WAS,2021,7,9,1,7,Taylor Heinicke,3419.0,Antonio Gibson,1037.0,Terry McLaurin,1053.0,Jonathan Allen,9.0,Bobby McCain,4.0
625,WAS,2005,4,13,1,10,Mark Brunell,3050.0,Clinton Portis,1516.0,Santana Moss,1483.0,Phillip Daniels,8.0,Lemar Marshall,4.0
626,WAS,2006,7,8,1,5,Mark Brunell,1789.0,Ladell Betts,1154.0,Santana Moss,790.0,Andre Carter,6.0,Sean Taylor,1.0
627,WAS,2007,7,9,1,9,Jason Campbell,2700.0,Clinton Portis,1262.0,Santana Moss,808.0,Andre Carter,10.5,Sean Taylor,5.0
628,WAS,2008,6,10,0,8,Jason Campbell,3245.0,Clinton Portis,1487.0,Santana Moss,1044.0,Andre Carter,4.0,Chris Horton,3.0
629,WAS,2009,7,8,1,4,Jason Campbell,3618.0,Clinton Portis,494.0,Santana Moss,902.0,Andre Carter,11.0,DeAngelo Hall,4.0
630,WAS,2010,7,6,3,6,Donovan McNabb,3377.0,Ryan Torain,742.0,Santana Moss,1115.0,Brian Orakpo,8.5,DeAngelo Hall,6.0
631,WAS,2011,9,7,0,5,Rex Grossman,3151.0,Roy Helu,640.0,Jabar Gaffney,947.0,Brian Orakpo,9.0,DeAngelo Hall,3.0
632,WAS,2012,7,9,1,10,Robert Griffin III,3200.0,Alfred Morris,1613.0,Pierre Garcon,633.0,Ryan Kerrigan,8.5,London Fletcher,5.0
633,WAS,2013,7,9,0,3,Robert Griffin III,3203.0,Alfred Morris,1275.0,Pierre Garcon,1346.0,Brian Orakpo,10.0,DeAngelo Hall,4.0
634,WAS,2014,8,8,0,4,Kirk Cousins,1710.0,Alfred Morris,1074.0,DeSean Jackson,1169.0,Ryan Kerrigan,13.5,Bashaud Breeland,2.0
635,WAS,2015,6,10,1,9,Kirk Cousins,4166.0,Alfred Morris,751.0,Jordan Reed,952.0,Ryan Kerrigan,9.5,Bashaud Breeland,2.0
636,WAS,2016,6,10,0,8,Kirk Cousins,4917.0,Robert Kelley,704.0,Pierre Garcon,1041.0,Ryan Kerrigan,11.0,Josh Norman,3.0
637,WAS,2017,7,9,0,7,Kirk Cousins,4093.0,Samaje Perine,603.0,Jamison Crowder,789.0,Ryan Kerrigan,13.0,D.J. Swearinger,4.0
638,WAS,2018,7,9,0,7,Alex Smith,2180.0,Adrian Peterson,1042.0,Jordan Reed,558.0,Ryan Kerrigan,13.0,D.J. Swearinger,4.0
639,WAS,2019,8,8,0,3,Case Keenum,1707.0,Adrian Peterson,898.0,Terry McLaurin,919.0,Matthew Ioannidis,8.5,Quinton Dunbar,4.0
